"CUSTOMER_ID","NAME","CITY","TARIFF_NAME"
425,Abdullah,BALIKESİR,Kobiye Destek
8383,Abdullah,TOKAT,Kobiye Destek
290,Abdullah,ERZURUM,Kobiye Destek
111,Abdullah,KIRIKKALE,Kobiye Destek
140,Abdullah,İZMİR,Kobiye Destek
9891,Abdullah,KASTAMONU,Kobiye Destek
2114,Abdullah,ŞANLIURFA,Kobiye Destek
2006,Abdullah,AĞRI,Kobiye Destek
1650,Abdullah,ERZİNCAN,Kobiye Destek
1429,Abdullah,AYDIN,Kobiye Destek
1282,Abdullah,BATMAN,Kobiye Destek
1339,Abdullah,MARDİN,Kobiye Destek
858,Abdullah,SAKARYA,Kobiye Destek
870,Abdullah,IĞDIR,Kobiye Destek
723,Abdullah,KIRŞEHİR,Kobiye Destek
515,Abdullah,NEVŞEHİR,Kobiye Destek
4109,Abdullah,YALOVA,Kobiye Destek
4053,Abdullah,RİZE,Kobiye Destek
3811,Abdullah,BARTIN,Kobiye Destek
3520,Abdullah,HAKKARİ,Kobiye Destek
3149,Abdullah,KIRKLARELİ,Kobiye Destek
2361,Abdullah,ARDAHAN,Kobiye Destek
2405,Abdullah,GÜMÜŞHANE,Kobiye Destek
2448,Abdullah,MANİSA,Kobiye Destek
2496,Abdullah,SİVAS,Kobiye Destek
2196,Abdullah,ARTVİN,Kobiye Destek
2232,Abdullah,ZONGULDAK,Kobiye Destek
2292,Abdullah,AKSARAY,Kobiye Destek
2302,Abdullah,DENİZLİ,Kobiye Destek
6086,Abdullah,MALATYA,Kobiye Destek
5818,Abdullah,MERSİN,Kobiye Destek
4968,Abdullah,ELAZIĞ,Kobiye Destek
4788,Abdullah,BİNGÖL,Kobiye Destek
4840,Abdullah,AMASYA,Kobiye Destek
4630,Abdullah,OSMANİYE,Kobiye Destek
4446,Abdullah,KAYSERİ,Kobiye Destek
4456,Abdullah,KIRIKKALE,Kobiye Destek
4483,Abdullah,BOLU,Kobiye Destek
4266,Abdullah,ZONGULDAK,Kobiye Destek
8262,Abdullah,AYDIN,Kobiye Destek
7558,Abdullah,KÜTAHYA,Kobiye Destek
7642,Abdullah,ÇANAKKALE,Kobiye Destek
7488,Abdullah,MARDİN,Kobiye Destek
7259,Abdullah,KAYSERİ,Kobiye Destek
7317,Abdullah,KASTAMONU,Kobiye Destek
6919,Abdullah,MALATYA,Kobiye Destek
6324,Abdullah,ANKARA,Kobiye Destek
6336,Abdullah,SİVAS,Kobiye Destek
6188,Abdullah,ŞIRNAK,Kobiye Destek
6256,Abdullah,TEKİRDAĞ,Kobiye Destek
9822,Abdullah,KIRŞEHİR,Kobiye Destek
9380,Abdullah,ADIYAMAN,Kobiye Destek
9185,Abdullah,ISPARTA,Kobiye Destek
8790,Abdullah,GAZİANTEP,Kobiye Destek
8851,Abdullah,OSMANİYE,Kobiye Destek
8655,Abdullah,KAYSERİ,Kobiye Destek
8475,Abdullah,ADANA,Kobiye Destek
279,Abdullah,BARTIN,Kobiye Destek
383,Adem,GAZİANTEP,Kobiye Destek
8442,Adem,DİYARBAKIR,Kobiye Destek
2182,Adem,BİNGÖL,Kobiye Destek
2186,Adem,KIRIKKALE,Kobiye Destek
1952,Adem,YOZGAT,Kobiye Destek
2005,Adem,TUNCELİ,Kobiye Destek
1488,Adem,BALIKESİR,Kobiye Destek
1013,Adem,ORDU,Kobiye Destek
1068,Adem,ŞIRNAK,Kobiye Destek
535,Adem,ISPARTA,Kobiye Destek
4134,Adem,ANTALYA,Kobiye Destek
3940,Adem,BİNGÖL,Kobiye Destek
4040,Adem,ORDU,Kobiye Destek
3764,Adem,ERZURUM,Kobiye Destek
3900,Adem,ORDU,Kobiye Destek
3399,Adem,MERSİN,Kobiye Destek
2947,Adem,GÜMÜŞHANE,Kobiye Destek
2713,Adem,ELAZIĞ,Kobiye Destek
2726,Adem,BOLU,Kobiye Destek
2507,Adem,ERZURUM,Kobiye Destek
2530,Adem,DİYARBAKIR,Kobiye Destek
6031,Adem,BARTIN,Kobiye Destek
6070,Adem,KASTAMONU,Kobiye Destek
5558,Adem,BATMAN,Kobiye Destek
5562,Adem,AYDIN,Kobiye Destek
5569,Adem,DÜZCE,Kobiye Destek
5177,Adem,KASTAMONU,Kobiye Destek
5212,Adem,MUĞLA,Kobiye Destek
5262,Adem,YOZGAT,Kobiye Destek
4421,Adem,TOKAT,Kobiye Destek
8248,Adem,GİRESUN,Kobiye Destek
7611,Adem,AMASYA,Kobiye Destek
7054,Adem,KARS,Kobiye Destek
7101,Adem,GAZİANTEP,Kobiye Destek
6424,Adem,BİTLİS,Kobiye Destek
6275,Adem,AĞRI,Kobiye Destek
9642,Adem,MANİSA,Kobiye Destek
9165,Adem,BİLECİK,Kobiye Destek
8969,Adem,GÜMÜŞHANE,Kobiye Destek
9000,Adem,AKSARAY,Kobiye Destek
8716,Adem,ANKARA,Kobiye Destek
8357,Adem,BİNGÖL,Kobiye Destek
9940,Adem,MALATYA,Kobiye Destek
616,Ahmet,NEVŞEHİR,Kobiye Destek
370,Ahmet,IĞDIR,Kobiye Destek
397,Ahmet,AFYONKARAHİSAR,Kobiye Destek
1669,Ahmet,BİLECİK,Kobiye Destek
1684,Ahmet,SİİRT,Kobiye Destek
1478,Ahmet,HAKKARİ,Kobiye Destek
1552,Ahmet,DÜZCE,Kobiye Destek
1176,Ahmet,AFYONKARAHİSAR,Kobiye Destek
1002,Ahmet,KARS,Kobiye Destek
906,Ahmet,ERZİNCAN,Kobiye Destek
4117,Ahmet,TOKAT,Kobiye Destek
3847,Ahmet,SİİRT,Kobiye Destek
3849,Ahmet,ERZİNCAN,Kobiye Destek
3626,Ahmet,İZMİR,Kobiye Destek
3662,Ahmet,ERZİNCAN,Kobiye Destek
3318,Ahmet,BAYBURT,Kobiye Destek
2770,Ahmet,ŞANLIURFA,Kobiye Destek
2360,Ahmet,KOCAELİ,Kobiye Destek
5855,Ahmet,ARDAHAN,Kobiye Destek
5671,Ahmet,SİVAS,Kobiye Destek
5691,Ahmet,SİNOP,Kobiye Destek
5153,Ahmet,NEVŞEHİR,Kobiye Destek
4704,Ahmet,KOCAELİ,Kobiye Destek
4279,Ahmet,ŞIRNAK,Kobiye Destek
4326,Ahmet,RİZE,Kobiye Destek
7755,Ahmet,ARDAHAN,Kobiye Destek
7778,Ahmet,NİĞDE,Kobiye Destek
7239,Ahmet,ARTVİN,Kobiye Destek
6901,Ahmet,DENİZLİ,Kobiye Destek
6986,Ahmet,BALIKESİR,Kobiye Destek
6793,Ahmet,AMASYA,Kobiye Destek
6814,Ahmet,VAN,Kobiye Destek
6610,Ahmet,SİVAS,Kobiye Destek
6652,Ahmet,TUNCELİ,Kobiye Destek
6436,Ahmet,ELAZIĞ,Kobiye Destek
6177,Ahmet,EDİRNE,Kobiye Destek
5972,Ahmet,KAYSERİ,Kobiye Destek
9395,Ahmet,MUŞ,Kobiye Destek
9475,Ahmet,ADANA,Kobiye Destek
9482,Ahmet,DİYARBAKIR,Kobiye Destek
9335,Ahmet,DÜZCE,Kobiye Destek
9092,Ahmet,NEVŞEHİR,Kobiye Destek
8970,Ahmet,SİVAS,Kobiye Destek
9062,Ahmet,ELAZIĞ,Kobiye Destek
8366,Ahmet,ANKARA,Kobiye Destek
8381,Ahmet,KIRŞEHİR,Kobiye Destek
321,Ali,KOCAELİ,Kobiye Destek
8493,Ali,GAZİANTEP,Kobiye Destek
1768,Ali,KIRŞEHİR,Kobiye Destek
1253,Ali,BİTLİS,Kobiye Destek
1293,Ali,ERZİNCAN,Kobiye Destek
989,Ali,ADIYAMAN,Kobiye Destek
807,Ali,ÇANAKKALE,Kobiye Destek
857,Ali,KONYA,Kobiye Destek
760,Ali,DİYARBAKIR,Kobiye Destek
482,Ali,SİVAS,Kobiye Destek
3996,Ali,ADIYAMAN,Kobiye Destek
4066,Ali,MANİSA,Kobiye Destek
3602,Ali,KASTAMONU,Kobiye Destek
3483,Ali,ORDU,Kobiye Destek
3368,Ali,TRABZON,Kobiye Destek
2884,Ali,MERSİN,Kobiye Destek
2687,Ali,BİLECİK,Kobiye Destek
2601,Ali,ERZİNCAN,Kobiye Destek
2339,Ali,BİNGÖL,Kobiye Destek
5932,Ali,DÜZCE,Kobiye Destek
5440,Ali,DİYARBAKIR,Kobiye Destek
5073,Ali,IĞDIR,Kobiye Destek
4884,Ali,GAZİANTEP,Kobiye Destek
4969,Ali,BATMAN,Kobiye Destek
4974,Ali,TUNCELİ,Kobiye Destek
5001,Ali,BURSA,Kobiye Destek
4730,Ali,UŞAK,Kobiye Destek
4784,Ali,DÜZCE,Kobiye Destek
4663,Ali,YOZGAT,Kobiye Destek
8238,Ali,AĞRI,Kobiye Destek
7703,Ali,ÇORUM,Kobiye Destek
7459,Ali,BATMAN,Kobiye Destek
7186,Ali,ESKİŞEHİR,Kobiye Destek
6563,Ali,ADANA,Kobiye Destek
6199,Ali,ISPARTA,Kobiye Destek
5975,Ali,İZMİR,Kobiye Destek
9757,Ali,İSTANBUL,Kobiye Destek
9560,Ali,UŞAK,Kobiye Destek
9625,Ali,KAYSERİ,Kobiye Destek
9238,Ali,BİLECİK,Kobiye Destek
8787,Ali,BURSA,Kobiye Destek
8695,Ali,BURDUR,Kobiye Destek
2151,Ali,BİTLİS,Kobiye Destek
8536,Aynur,KIRIKKALE,Kobiye Destek
6032,Aynur,KİLİS,Kobiye Destek
5934,Aynur,ERZURUM,Kobiye Destek
5620,Aynur,KIRŞEHİR,Kobiye Destek
5359,Aynur,AĞRI,Kobiye Destek
4749,Aynur,BARTIN,Kobiye Destek
7592,Aynur,TOKAT,Kobiye Destek
6733,Aynur,KIRKLARELİ,Kobiye Destek
6680,Aynur,TEKİRDAĞ,Kobiye Destek
6482,Aynur,GAZİANTEP,Kobiye Destek
6156,Aynur,KIRŞEHİR,Kobiye Destek
6020,Aynur,BURDUR,Kobiye Destek
9796,Aynur,BİNGÖL,Kobiye Destek
9694,Aynur,ADANA,Kobiye Destek
9696,Aynur,MERSİN,Kobiye Destek
342,Aynur,NİĞDE,Kobiye Destek
348,Aynur,AKSARAY,Kobiye Destek
428,Aynur,OSMANİYE,Kobiye Destek
97,Aynur,KARAMAN,Kobiye Destek
9881,Aynur,BİTLİS,Kobiye Destek
2060,Aynur,ŞANLIURFA,Kobiye Destek
1775,Aynur,YALOVA,Kobiye Destek
1568,Aynur,ERZURUM,Kobiye Destek
1607,Aynur,TUNCELİ,Kobiye Destek
1714,Aynur,SAKARYA,Kobiye Destek
967,Aynur,TOKAT,Kobiye Destek
747,Aynur,MUŞ,Kobiye Destek
3634,Aynur,ÇANAKKALE,Kobiye Destek
3678,Aynur,NEVŞEHİR,Kobiye Destek
3509,Aynur,AMASYA,Kobiye Destek
3577,Aynur,GİRESUN,Kobiye Destek
8334,Aynur,ORDU,Kobiye Destek
9407,Aysel,GİRESUN,Kobiye Destek
9425,Aysel,KARABÜK,Kobiye Destek
9279,Aysel,KAHRAMANMARAŞ,Kobiye Destek
9285,Aysel,KARAMAN,Kobiye Destek
9314,Aysel,KAYSERİ,Kobiye Destek
9218,Aysel,KIRIKKALE,Kobiye Destek
9042,Aysel,ARTVİN,Kobiye Destek
8549,Aysel,GÜMÜŞHANE,Kobiye Destek
8317,Aysel,KAYSERİ,Kobiye Destek
5899,Aysel,KOCAELİ,Kobiye Destek
5928,Aysel,BATMAN,Kobiye Destek
5340,Aysel,BURSA,Kobiye Destek
5388,Aysel,MERSİN,Kobiye Destek
5471,Aysel,DENİZLİ,Kobiye Destek
5162,Aysel,SİVAS,Kobiye Destek
4898,Aysel,KARABÜK,Kobiye Destek
4756,Aysel,KARABÜK,Kobiye Destek
4833,Aysel,ADANA,Kobiye Destek
4408,Aysel,AKSARAY,Kobiye Destek
4508,Aysel,BİLECİK,Kobiye Destek
7936,Aysel,ARDAHAN,Kobiye Destek
7394,Aysel,DİYARBAKIR,Kobiye Destek
7016,Aysel,KIRIKKALE,Kobiye Destek
6152,Aysel,GİRESUN,Kobiye Destek
5958,Aysel,ARTVİN,Kobiye Destek
9571,Aysel,SAKARYA,Kobiye Destek
9701,Aysel,SAMSUN,Kobiye Destek
356,Aysel,DENİZLİ,Kobiye Destek
417,Aysel,SAMSUN,Kobiye Destek
2096,Aysel,KIRKLARELİ,Kobiye Destek
2156,Aysel,YALOVA,Kobiye Destek
1967,Aysel,KARABÜK,Kobiye Destek
1817,Aysel,SAMSUN,Kobiye Destek
1822,Aysel,OSMANİYE,Kobiye Destek
1832,Aysel,MANİSA,Kobiye Destek
1604,Aysel,ŞANLIURFA,Kobiye Destek
1312,Aysel,BALIKESİR,Kobiye Destek
636,Aysel,AFYONKARAHİSAR,Kobiye Destek
483,Aysel,AMASYA,Kobiye Destek
3994,Aysel,ÇORUM,Kobiye Destek
3679,Aysel,MUĞLA,Kobiye Destek
3403,Aysel,AFYONKARAHİSAR,Kobiye Destek
3023,Aysel,KARABÜK,Kobiye Destek
2813,Aysel,NEVŞEHİR,Kobiye Destek
2551,Aysel,GÜMÜŞHANE,Kobiye Destek
3040,Ayşe,AMASYA,Kobiye Destek
9516,Ayşe,SAMSUN,Kobiye Destek
9113,Ayşe,İSTANBUL,Kobiye Destek
9150,Ayşe,BATMAN,Kobiye Destek
9227,Ayşe,KIRKLARELİ,Kobiye Destek
8825,Ayşe,İSTANBUL,Kobiye Destek
8688,Ayşe,VAN,Kobiye Destek
8506,Ayşe,MUŞ,Kobiye Destek
8203,Ayşe,MERSİN,Kobiye Destek
5748,Ayşe,EDİRNE,Kobiye Destek
5348,Ayşe,DENİZLİ,Kobiye Destek
5413,Ayşe,UŞAK,Kobiye Destek
4538,Ayşe,AYDIN,Kobiye Destek
4280,Ayşe,AYDIN,Kobiye Destek
4374,Ayşe,BATMAN,Kobiye Destek
8056,Ayşe,ESKİŞEHİR,Kobiye Destek
6982,Ayşe,ADANA,Kobiye Destek
7024,Ayşe,KARAMAN,Kobiye Destek
6781,Ayşe,SİNOP,Kobiye Destek
6791,Ayşe,VAN,Kobiye Destek
6678,Ayşe,ANKARA,Kobiye Destek
6687,Ayşe,ORDU,Kobiye Destek
6708,Ayşe,BALIKESİR,Kobiye Destek
9853,Ayşe,MARDİN,Kobiye Destek
9602,Ayşe,SİNOP,Kobiye Destek
9946,Ayşe,YALOVA,Kobiye Destek
2034,Ayşe,ERZURUM,Kobiye Destek
1726,Ayşe,AYDIN,Kobiye Destek
1718,Ayşe,BURSA,Kobiye Destek
1180,Ayşe,MUĞLA,Kobiye Destek
975,Ayşe,KIRKLARELİ,Kobiye Destek
1031,Ayşe,HAKKARİ,Kobiye Destek
832,Ayşe,KIRŞEHİR,Kobiye Destek
759,Ayşe,ERZİNCAN,Kobiye Destek
4379,Ayşe,BURSA,Kobiye Destek
3705,Ayşegül,DÜZCE,Kobiye Destek
3447,Ayşegül,NİĞDE,Kobiye Destek
3321,Ayşegül,İZMİR,Kobiye Destek
3360,Ayşegül,MANİSA,Kobiye Destek
3365,Ayşegül,İSTANBUL,Kobiye Destek
3191,Ayşegül,MERSİN,Kobiye Destek
2849,Ayşegül,BURDUR,Kobiye Destek
2665,Ayşegül,KIRŞEHİR,Kobiye Destek
2430,Ayşegül,KÜTAHYA,Kobiye Destek
2258,Ayşegül,İSTANBUL,Kobiye Destek
9096,Ayşegül,TRABZON,Kobiye Destek
8598,Ayşegül,KARAMAN,Kobiye Destek
8309,Ayşegül,KONYA,Kobiye Destek
8365,Ayşegül,UŞAK,Kobiye Destek
8380,Ayşegül,ZONGULDAK,Kobiye Destek
5931,Ayşegül,MALATYA,Kobiye Destek
5642,Ayşegül,KIRKLARELİ,Kobiye Destek
5205,Ayşegül,AFYONKARAHİSAR,Kobiye Destek
5014,Ayşegül,TEKİRDAĞ,Kobiye Destek
5093,Ayşegül,MERSİN,Kobiye Destek
5097,Ayşegül,ŞIRNAK,Kobiye Destek
8068,Ayşegül,KASTAMONU,Kobiye Destek
7930,Ayşegül,KIRŞEHİR,Kobiye Destek
7715,Ayşegül,KOCAELİ,Kobiye Destek
7773,Ayşegül,ANTALYA,Kobiye Destek
7776,Ayşegül,KÜTAHYA,Kobiye Destek
7824,Ayşegül,KONYA,Kobiye Destek
7020,Ayşegül,MUŞ,Kobiye Destek
6730,Ayşegül,DÜZCE,Kobiye Destek
6180,Ayşegül,KİLİS,Kobiye Destek
9771,Ayşegül,KARABÜK,Kobiye Destek
9610,Ayşegül,NEVŞEHİR,Kobiye Destek
9898,Ayşegül,KAHRAMANMARAŞ,Kobiye Destek
9921,Ayşegül,TEKİRDAĞ,Kobiye Destek
2343,Ayşegül,ANKARA,Kobiye Destek
1361,Ayşegül,EDİRNE,Kobiye Destek
862,Ayşegül,AKSARAY,Kobiye Destek
764,Ayşegül,ISPARTA,Kobiye Destek
542,Ayşegül,KASTAMONU,Kobiye Destek
3668,Ayşegül,UŞAK,Kobiye Destek
2829,Burak,SİİRT,Kobiye Destek
2748,Burak,ANTALYA,Kobiye Destek
2382,Burak,ELAZIĞ,Kobiye Destek
2384,Burak,MUĞLA,Kobiye Destek
2391,Burak,BİNGÖL,Kobiye Destek
2489,Burak,BARTIN,Kobiye Destek
1905,Burak,EDİRNE,Kobiye Destek
1906,Burak,ADANA,Kobiye Destek
1954,Burak,KIRKLARELİ,Kobiye Destek
1373,Burak,OSMANİYE,Kobiye Destek
1383,Burak,TUNCELİ,Kobiye Destek
1162,Burak,ADIYAMAN,Kobiye Destek
864,Burak,ADIYAMAN,Kobiye Destek
611,Burak,KİLİS,Kobiye Destek
269,Burak,TUNCELİ,Kobiye Destek
54,Burak,DÜZCE,Kobiye Destek
9841,Burak,BARTIN,Kobiye Destek
9650,Burak,IĞDIR,Kobiye Destek
9323,Burak,KOCAELİ,Kobiye Destek
8734,Burak,MARDİN,Kobiye Destek
8463,Burak,DENİZLİ,Kobiye Destek
8612,Burak,BATMAN,Kobiye Destek
8159,Burak,GAZİANTEP,Kobiye Destek
8239,Burak,TUNCELİ,Kobiye Destek
8054,Burak,GİRESUN,Kobiye Destek
7606,Burak,YOZGAT,Kobiye Destek
7126,Burak,SİVAS,Kobiye Destek
7193,Burak,ISPARTA,Kobiye Destek
6896,Burak,SİVAS,Kobiye Destek
6951,Burak,UŞAK,Kobiye Destek
6790,Burak,MUŞ,Kobiye Destek
6465,Burak,DİYARBAKIR,Kobiye Destek
6313,Burak,OSMANİYE,Kobiye Destek
6245,Burak,ŞANLIURFA,Kobiye Destek
6096,Burak,BOLU,Kobiye Destek
5891,Burak,DÜZCE,Kobiye Destek
5918,Burak,MALATYA,Kobiye Destek
5685,Burak,EDİRNE,Kobiye Destek
5737,Burak,VAN,Kobiye Destek
5085,Burak,KARAMAN,Kobiye Destek
4510,Burak,GAZİANTEP,Kobiye Destek
3913,Burak,İSTANBUL,Kobiye Destek
3895,Burak,SAKARYA,Kobiye Destek
3700,Burak,MERSİN,Kobiye Destek
3739,Burak,TUNCELİ,Kobiye Destek
3155,Burak,ÇORUM,Kobiye Destek
2974,Burak,KASTAMONU,Kobiye Destek
3027,Burak,BURDUR,Kobiye Destek
3037,Büşra,YOZGAT,Kobiye Destek
3246,Büşra,DİYARBAKIR,Kobiye Destek
2431,Büşra,ZONGULDAK,Kobiye Destek
1921,Büşra,KÜTAHYA,Kobiye Destek
1489,Büşra,ELAZIĞ,Kobiye Destek
990,Büşra,DENİZLİ,Kobiye Destek
1016,Büşra,GAZİANTEP,Kobiye Destek
922,Büşra,MUŞ,Kobiye Destek
671,Büşra,ŞIRNAK,Kobiye Destek
780,Büşra,AĞRI,Kobiye Destek
121,Büşra,MANİSA,Kobiye Destek
9760,Büşra,SİNOP,Kobiye Destek
9606,Büşra,ARTVİN,Kobiye Destek
9399,Büşra,SAMSUN,Kobiye Destek
8341,Büşra,DENİZLİ,Kobiye Destek
7805,Büşra,İZMİR,Kobiye Destek
7062,Büşra,MERSİN,Kobiye Destek
6611,Büşra,GİRESUN,Kobiye Destek
6630,Büşra,ŞIRNAK,Kobiye Destek
6567,Büşra,OSMANİYE,Kobiye Destek
6293,Büşra,BALIKESİR,Kobiye Destek
6303,Büşra,SİVAS,Kobiye Destek
5981,Büşra,SAKARYA,Kobiye Destek
6022,Büşra,GAZİANTEP,Kobiye Destek
5830,Büşra,GAZİANTEP,Kobiye Destek
5904,Büşra,UŞAK,Kobiye Destek
5701,Büşra,SAKARYA,Kobiye Destek
5746,Büşra,ORDU,Kobiye Destek
5210,Büşra,BİLECİK,Kobiye Destek
5297,Büşra,VAN,Kobiye Destek
4790,Büşra,KIRŞEHİR,Kobiye Destek
4600,Büşra,VAN,Kobiye Destek
4655,Büşra,TOKAT,Kobiye Destek
4078,Büşra,ERZURUM,Kobiye Destek
4198,Büşra,AYDIN,Kobiye Destek
3959,Büşra,ORDU,Kobiye Destek
3971,Büşra,AYDIN,Kobiye Destek
4035,Büşra,BİTLİS,Kobiye Destek
3640,Büşra,KÜTAHYA,Kobiye Destek
3476,Büşra,EDİRNE,Kobiye Destek
3548,Büşra,ARDAHAN,Kobiye Destek
3238,Büşra,BİTLİS,Kobiye Destek
2816,Büşra,ESKİŞEHİR,Kobiye Destek
9668,Dilek,ANKARA,Kobiye Destek
9971,Dilek,TUNCELİ,Kobiye Destek
9214,Dilek,KONYA,Kobiye Destek
8813,Dilek,NEVŞEHİR,Kobiye Destek
8679,Dilek,HAKKARİ,Kobiye Destek
8096,Dilek,SAKARYA,Kobiye Destek
7449,Dilek,DÜZCE,Kobiye Destek
7226,Dilek,ERZURUM,Kobiye Destek
7096,Dilek,HAKKARİ,Kobiye Destek
6540,Dilek,GÜMÜŞHANE,Kobiye Destek
6065,Dilek,AĞRI,Kobiye Destek
5948,Dilek,ISPARTA,Kobiye Destek
5732,Dilek,SAMSUN,Kobiye Destek
5346,Dilek,ERZİNCAN,Kobiye Destek
5307,Dilek,KARABÜK,Kobiye Destek
5314,Dilek,KAYSERİ,Kobiye Destek
5064,Dilek,SİVAS,Kobiye Destek
4985,Dilek,ISPARTA,Kobiye Destek
4794,Dilek,ANTALYA,Kobiye Destek
4477,Dilek,KIRŞEHİR,Kobiye Destek
4305,Dilek,BURDUR,Kobiye Destek
3923,Dilek,BURSA,Kobiye Destek
4008,Dilek,ANTALYA,Kobiye Destek
3555,Dilek,KARS,Kobiye Destek
3574,Dilek,KARABÜK,Kobiye Destek
3345,Dilek,SİNOP,Kobiye Destek
3180,Dilek,ARTVİN,Kobiye Destek
2896,Dilek,KARAMAN,Kobiye Destek
2959,Dilek,ÇORUM,Kobiye Destek
2776,Dilek,ERZURUM,Kobiye Destek
2585,Dilek,AKSARAY,Kobiye Destek
2376,Dilek,İSTANBUL,Kobiye Destek
2408,Dilek,KIRŞEHİR,Kobiye Destek
2088,Dilek,BİNGÖL,Kobiye Destek
2138,Dilek,SİVAS,Kobiye Destek
1159,Dilek,BİTLİS,Kobiye Destek
1075,Dilek,AFYONKARAHİSAR,Kobiye Destek
852,Dilek,AYDIN,Kobiye Destek
642,Dilek,ADANA,Kobiye Destek
653,Dilek,MARDİN,Kobiye Destek
64,Dilek,BAYBURT,Kobiye Destek
9135,Dilek,GAZİANTEP,Kobiye Destek
308,Elif,BURSA,Kobiye Destek
6880,Elif,MANİSA,Kobiye Destek
2592,Elif,BİLECİK,Kobiye Destek
2257,Elif,MALATYA,Kobiye Destek
2058,Elif,NEVŞEHİR,Kobiye Destek
2165,Elif,ANTALYA,Kobiye Destek
1914,Elif,GÜMÜŞHANE,Kobiye Destek
1935,Elif,TEKİRDAĞ,Kobiye Destek
1351,Elif,MERSİN,Kobiye Destek
1236,Elif,BARTIN,Kobiye Destek
972,Elif,ÇANAKKALE,Kobiye Destek
1056,Elif,ORDU,Kobiye Destek
377,Elif,KONYA,Kobiye Destek
6277,Elif,ŞANLIURFA,Kobiye Destek
6240,Elif,BALIKESİR,Kobiye Destek
5838,Elif,KAYSERİ,Kobiye Destek
5521,Elif,GÜMÜŞHANE,Kobiye Destek
5255,Elif,SAMSUN,Kobiye Destek
5257,Elif,EDİRNE,Kobiye Destek
4496,Elif,ISPARTA,Kobiye Destek
4352,Elif,BİLECİK,Kobiye Destek
4213,Elif,MARDİN,Kobiye Destek
3835,Elif,KARS,Kobiye Destek
3312,Elif,UŞAK,Kobiye Destek
9745,Elif,TEKİRDAĞ,Kobiye Destek
9665,Elif,SİİRT,Kobiye Destek
8961,Elif,AMASYA,Kobiye Destek
8370,Elif,YALOVA,Kobiye Destek
8190,Elif,KARAMAN,Kobiye Destek
8242,Elif,TEKİRDAĞ,Kobiye Destek
8124,Elif,DENİZLİ,Kobiye Destek
7383,Elif,BURDUR,Kobiye Destek
7234,Elif,SAKARYA,Kobiye Destek
7173,Elif,SAMSUN,Kobiye Destek
3090,Elif,NİĞDE,Kobiye Destek
3079,Emine,AMASYA,Kobiye Destek
6673,Emine,MANİSA,Kobiye Destek
2857,Emine,MUĞLA,Kobiye Destek
2707,Emine,SİİRT,Kobiye Destek
2752,Emine,BOLU,Kobiye Destek
690,Emine,MALATYA,Kobiye Destek
6526,Emine,NİĞDE,Kobiye Destek
6320,Emine,MUŞ,Kobiye Destek
6228,Emine,GİRESUN,Kobiye Destek
5036,Emine,ORDU,Kobiye Destek
5037,Emine,SİNOP,Kobiye Destek
4886,Emine,YOZGAT,Kobiye Destek
4979,Emine,AFYONKARAHİSAR,Kobiye Destek
4705,Emine,ORDU,Kobiye Destek
4418,Emine,ŞANLIURFA,Kobiye Destek
4474,Emine,MANİSA,Kobiye Destek
4320,Emine,ŞIRNAK,Kobiye Destek
3775,Emine,GİRESUN,Kobiye Destek
9553,Emine,ADANA,Kobiye Destek
9418,Emine,MARDİN,Kobiye Destek
9499,Emine,MANİSA,Kobiye Destek
9357,Emine,AKSARAY,Kobiye Destek
7728,Emine,DÜZCE,Kobiye Destek
7729,Emine,KÜTAHYA,Kobiye Destek
7829,Emine,ANTALYA,Kobiye Destek
7437,Emine,ELAZIĞ,Kobiye Destek
7446,Emine,ARTVİN,Kobiye Destek
7462,Emine,İSTANBUL,Kobiye Destek
6965,Emine,MARDİN,Kobiye Destek
6753,Emine,TEKİRDAĞ,Kobiye Destek
6771,Emine,RİZE,Kobiye Destek
2830,Emine,SİVAS,Kobiye Destek
228,Emre,BALIKESİR,Kobiye Destek
309,Emre,TUNCELİ,Kobiye Destek
132,Emre,ERZİNCAN,Kobiye Destek
3239,Emre,ERZİNCAN,Kobiye Destek
2847,Emre,BİNGÖL,Kobiye Destek
2772,Emre,ÇANKIRI,Kobiye Destek
2394,Emre,ELAZIĞ,Kobiye Destek
2209,Emre,ELAZIĞ,Kobiye Destek
2174,Emre,GÜMÜŞHANE,Kobiye Destek
1748,Emre,KONYA,Kobiye Destek
1813,Emre,BİLECİK,Kobiye Destek
1830,Emre,ELAZIĞ,Kobiye Destek
1463,Emre,BAYBURT,Kobiye Destek
1338,Emre,SİVAS,Kobiye Destek
1369,Emre,BATMAN,Kobiye Destek
1381,Emre,KARABÜK,Kobiye Destek
1209,Emre,NEVŞEHİR,Kobiye Destek
1214,Emre,YALOVA,Kobiye Destek
942,Emre,KARAMAN,Kobiye Destek
859,Emre,BURSA,Kobiye Destek
343,Emre,ORDU,Kobiye Destek
387,Emre,BATMAN,Kobiye Destek
6319,Emre,AMASYA,Kobiye Destek
5957,Emre,ADIYAMAN,Kobiye Destek
5635,Emre,HAKKARİ,Kobiye Destek
5464,Emre,ERZURUM,Kobiye Destek
5178,Emre,AYDIN,Kobiye Destek
5240,Emre,ÇANKIRI,Kobiye Destek
4632,Emre,AYDIN,Kobiye Destek
4692,Emre,MARDİN,Kobiye Destek
4475,Emre,GAZİANTEP,Kobiye Destek
4239,Emre,RİZE,Kobiye Destek
4321,Emre,BATMAN,Kobiye Destek
4115,Emre,GÜMÜŞHANE,Kobiye Destek
4011,Emre,BURDUR,Kobiye Destek
3767,Emre,AKSARAY,Kobiye Destek
3587,Emre,HAKKARİ,Kobiye Destek
9805,Emre,KIRIKKALE,Kobiye Destek
9581,Emre,İZMİR,Kobiye Destek
9459,Emre,NİĞDE,Kobiye Destek
9477,Emre,TEKİRDAĞ,Kobiye Destek
9138,Emre,AFYONKARAHİSAR,Kobiye Destek
9233,Emre,MALATYA,Kobiye Destek
9053,Emre,KARS,Kobiye Destek
8729,Emre,ADIYAMAN,Kobiye Destek
8292,Emre,BAYBURT,Kobiye Destek
7953,Emre,SAKARYA,Kobiye Destek
7754,Emre,EDİRNE,Kobiye Destek
7395,Emre,EDİRNE,Kobiye Destek
7222,Emre,KARABÜK,Kobiye Destek
7343,Emre,MUŞ,Kobiye Destek
6882,Emre,BURDUR,Kobiye Destek
6677,Emre,AĞRI,Kobiye Destek
118,Enes,KARS,Kobiye Destek
6585,Enes,BAYBURT,Kobiye Destek
2988,Enes,BALIKESİR,Kobiye Destek
3020,Enes,İZMİR,Kobiye Destek
3097,Enes,ESKİŞEHİR,Kobiye Destek
2927,Enes,KAYSERİ,Kobiye Destek
2427,Enes,AYDIN,Kobiye Destek
2188,Enes,ARDAHAN,Kobiye Destek
1990,Enes,ISPARTA,Kobiye Destek
1664,Enes,ISPARTA,Kobiye Destek
762,Enes,AFYONKARAHİSAR,Kobiye Destek
175,Enes,ELAZIĞ,Kobiye Destek
6432,Enes,ÇANAKKALE,Kobiye Destek
6279,Enes,AMASYA,Kobiye Destek
6192,Enes,KARABÜK,Kobiye Destek
6009,Enes,KIRŞEHİR,Kobiye Destek
6072,Enes,YOZGAT,Kobiye Destek
5865,Enes,BAYBURT,Kobiye Destek
5589,Enes,HAKKARİ,Kobiye Destek
5616,Enes,ADIYAMAN,Kobiye Destek
5438,Enes,AKSARAY,Kobiye Destek
5029,Enes,HATAY,Kobiye Destek
5108,Enes,MARDİN,Kobiye Destek
4861,Enes,AYDIN,Kobiye Destek
4972,Enes,GİRESUN,Kobiye Destek
4751,Enes,SİNOP,Kobiye Destek
4370,Enes,BURSA,Kobiye Destek
3477,Enes,BİLECİK,Kobiye Destek
3486,Enes,ADIYAMAN,Kobiye Destek
3531,Enes,ŞANLIURFA,Kobiye Destek
3328,Enes,KIRIKKALE,Kobiye Destek
9559,Enes,GAZİANTEP,Kobiye Destek
9583,Enes,RİZE,Kobiye Destek
9589,Enes,BATMAN,Kobiye Destek
9258,Enes,KIRŞEHİR,Kobiye Destek
9275,Enes,SİNOP,Kobiye Destek
9292,Enes,BİTLİS,Kobiye Destek
9388,Enes,KİLİS,Kobiye Destek
8888,Enes,BARTIN,Kobiye Destek
8313,Enes,ARDAHAN,Kobiye Destek
8210,Enes,ORDU,Kobiye Destek
7408,Enes,BİTLİS,Kobiye Destek
7047,Enes,ISPARTA,Kobiye Destek
7192,Enes,İZMİR,Kobiye Destek
6921,Enes,ISPARTA,Kobiye Destek
7000,Enes,KİLİS,Kobiye Destek
3263,Enes,ESKİŞEHİR,Kobiye Destek
49,Esra,BİNGÖL,Kobiye Destek
6679,Esra,AMASYA,Kobiye Destek
9896,Esra,ÇANKIRI,Kobiye Destek
2664,Esra,GAZİANTEP,Kobiye Destek
2719,Esra,ARDAHAN,Kobiye Destek
2407,Esra,SİVAS,Kobiye Destek
2077,Esra,KİLİS,Kobiye Destek
1873,Esra,ELAZIĞ,Kobiye Destek
1606,Esra,İSTANBUL,Kobiye Destek
1483,Esra,TOKAT,Kobiye Destek
1299,Esra,ISPARTA,Kobiye Destek
955,Esra,BİNGÖL,Kobiye Destek
935,Esra,BURSA,Kobiye Destek
521,Esra,ARDAHAN,Kobiye Destek
565,Esra,ÇANAKKALE,Kobiye Destek
585,Esra,ZONGULDAK,Kobiye Destek
329,Esra,ORDU,Kobiye Destek
350,Esra,DÜZCE,Kobiye Destek
208,Esra,UŞAK,Kobiye Destek
6312,Esra,KÜTAHYA,Kobiye Destek
5884,Esra,DÜZCE,Kobiye Destek
5669,Esra,BİTLİS,Kobiye Destek
4931,Esra,TEKİRDAĞ,Kobiye Destek
4805,Esra,AYDIN,Kobiye Destek
3418,Esra,VAN,Kobiye Destek
3198,Esra,MUŞ,Kobiye Destek
9756,Esra,ANTALYA,Kobiye Destek
8444,Esra,ORDU,Kobiye Destek
8225,Esra,VAN,Kobiye Destek
7524,Esra,MUĞLA,Kobiye Destek
7457,Esra,IĞDIR,Kobiye Destek
7199,Esra,ŞANLIURFA,Kobiye Destek
99,Esra,KÜTAHYA,Kobiye Destek
8144,Fadime,YALOVA,Kobiye Destek
7685,Fadime,SİVAS,Kobiye Destek
7694,Fadime,ERZURUM,Kobiye Destek
7730,Fadime,GİRESUN,Kobiye Destek
7731,Fadime,MUĞLA,Kobiye Destek
7772,Fadime,ERZİNCAN,Kobiye Destek
7543,Fadime,NİĞDE,Kobiye Destek
7581,Fadime,MUĞLA,Kobiye Destek
7378,Fadime,IĞDIR,Kobiye Destek
7492,Fadime,YALOVA,Kobiye Destek
7237,Fadime,MERSİN,Kobiye Destek
7063,Fadime,DÜZCE,Kobiye Destek
33,Fadime,KAYSERİ,Kobiye Destek
9961,Fadime,KASTAMONU,Kobiye Destek
3772,Fadime,SİİRT,Kobiye Destek
3773,Fadime,MUĞLA,Kobiye Destek
3665,Fadime,SİVAS,Kobiye Destek
3559,Fadime,BALIKESİR,Kobiye Destek
3138,Fadime,ANTALYA,Kobiye Destek
2996,Fadime,KOCAELİ,Kobiye Destek
3078,Fadime,BARTIN,Kobiye Destek
2571,Fadime,HATAY,Kobiye Destek
2619,Fadime,ANTALYA,Kobiye Destek
2409,Fadime,ARTVİN,Kobiye Destek
2241,Fadime,ERZİNCAN,Kobiye Destek
2286,Fadime,BURSA,Kobiye Destek
2072,Fadime,KARS,Kobiye Destek
1014,Fadime,BİLECİK,Kobiye Destek
1082,Fadime,VAN,Kobiye Destek
911,Fadime,ORDU,Kobiye Destek
673,Fadime,EDİRNE,Kobiye Destek
695,Fadime,İZMİR,Kobiye Destek
331,Fadime,OSMANİYE,Kobiye Destek
170,Fadime,BATMAN,Kobiye Destek
192,Fadime,MUĞLA,Kobiye Destek
223,Fadime,HAKKARİ,Kobiye Destek
6961,Fadime,KARAMAN,Kobiye Destek
6763,Fadime,KIRŞEHİR,Kobiye Destek
6552,Fadime,YOZGAT,Kobiye Destek
6403,Fadime,BOLU,Kobiye Destek
5992,Fadime,SAMSUN,Kobiye Destek
6052,Fadime,EDİRNE,Kobiye Destek
5752,Fadime,YOZGAT,Kobiye Destek
5516,Fadime,IĞDIR,Kobiye Destek
5583,Fadime,KOCAELİ,Kobiye Destek
5590,Fadime,SAKARYA,Kobiye Destek
5333,Fadime,BURSA,Kobiye Destek
5393,Fadime,KİLİS,Kobiye Destek
5447,Fadime,ADIYAMAN,Kobiye Destek
5305,Fadime,AYDIN,Kobiye Destek
5156,Fadime,KIRKLARELİ,Kobiye Destek
4903,Fadime,ERZİNCAN,Kobiye Destek
4633,Fadime,SİVAS,Kobiye Destek
4679,Fadime,ADIYAMAN,Kobiye Destek
4431,Fadime,KIRIKKALE,Kobiye Destek
4449,Fadime,IĞDIR,Kobiye Destek
4257,Fadime,ŞANLIURFA,Kobiye Destek
4296,Fadime,ŞANLIURFA,Kobiye Destek
4318,Fadime,ZONGULDAK,Kobiye Destek
4330,Fadime,MERSİN,Kobiye Destek
4144,Fadime,ISPARTA,Kobiye Destek
4169,Fadime,BİTLİS,Kobiye Destek
3926,Fadime,BURSA,Kobiye Destek
3999,Fadime,NEVŞEHİR,Kobiye Destek
9441,Fadime,AKSARAY,Kobiye Destek
9545,Fadime,TOKAT,Kobiye Destek
9289,Fadime,BATMAN,Kobiye Destek
9329,Fadime,ERZURUM,Kobiye Destek
9182,Fadime,VAN,Kobiye Destek
9035,Fadime,IĞDIR,Kobiye Destek
9038,Fadime,BATMAN,Kobiye Destek
8907,Fadime,DİYARBAKIR,Kobiye Destek
8247,Fadime,KÜTAHYA,Kobiye Destek
8266,Fadime,ESKİŞEHİR,Kobiye Destek
8088,Fadime,ŞIRNAK,Kobiye Destek
8121,Fadime,ANTALYA,Kobiye Destek
273,Fatih,MANİSA,Kobiye Destek
15,Fatih,MUŞ,Kobiye Destek
101,Fatih,İZMİR,Kobiye Destek
9941,Fatih,BURDUR,Kobiye Destek
3722,Fatih,ARTVİN,Kobiye Destek
3529,Fatih,KAYSERİ,Kobiye Destek
2821,Fatih,ORDU,Kobiye Destek
2823,Fatih,ÇANKIRI,Kobiye Destek
2558,Fatih,ERZİNCAN,Kobiye Destek
2262,Fatih,RİZE,Kobiye Destek
1879,Fatih,RİZE,Kobiye Destek
1661,Fatih,ARTVİN,Kobiye Destek
1523,Fatih,ÇANAKKALE,Kobiye Destek
1407,Fatih,BARTIN,Kobiye Destek
1201,Fatih,ŞANLIURFA,Kobiye Destek
1018,Fatih,ANKARA,Kobiye Destek
1028,Fatih,BURDUR,Kobiye Destek
899,Fatih,KARAMAN,Kobiye Destek
631,Fatih,KAYSERİ,Kobiye Destek
435,Fatih,AMASYA,Kobiye Destek
7177,Fatih,AYDIN,Kobiye Destek
6881,Fatih,BİNGÖL,Kobiye Destek
6163,Fatih,KIRŞEHİR,Kobiye Destek
5823,Fatih,NEVŞEHİR,Kobiye Destek
5195,Fatih,RİZE,Kobiye Destek
4512,Fatih,KARABÜK,Kobiye Destek
4348,Fatih,KAYSERİ,Kobiye Destek
4381,Fatih,KARABÜK,Kobiye Destek
4106,Fatih,BURSA,Kobiye Destek
4058,Fatih,DENİZLİ,Kobiye Destek
4062,Fatih,AFYONKARAHİSAR,Kobiye Destek
9735,Fatih,SAMSUN,Kobiye Destek
9593,Fatih,NİĞDE,Kobiye Destek
9667,Fatih,YOZGAT,Kobiye Destek
9461,Fatih,ZONGULDAK,Kobiye Destek
9529,Fatih,KARAMAN,Kobiye Destek
9147,Fatih,BİTLİS,Kobiye Destek
9225,Fatih,MALATYA,Kobiye Destek
9005,Fatih,RİZE,Kobiye Destek
9077,Fatih,ŞIRNAK,Kobiye Destek
8774,Fatih,ORDU,Kobiye Destek
8726,Fatih,NİĞDE,Kobiye Destek
8485,Fatih,TRABZON,Kobiye Destek
8529,Fatih,MERSİN,Kobiye Destek
8405,Fatih,ERZİNCAN,Kobiye Destek
8280,Fatih,AYDIN,Kobiye Destek
8075,Fatih,SİNOP,Kobiye Destek
8133,Fatih,ÇORUM,Kobiye Destek
7928,Fatih,KIRŞEHİR,Kobiye Destek
7721,Fatih,ESKİŞEHİR,Kobiye Destek
61,Fatma,MERSİN,Kobiye Destek
7331,Fatma,SİVAS,Kobiye Destek
3519,Fatma,HATAY,Kobiye Destek
3194,Fatma,ŞIRNAK,Kobiye Destek
3245,Fatma,VAN,Kobiye Destek
3034,Fatma,RİZE,Kobiye Destek
2869,Fatma,IĞDIR,Kobiye Destek
1963,Fatma,BAYBURT,Kobiye Destek
1793,Fatma,BİLECİK,Kobiye Destek
1655,Fatma,DENİZLİ,Kobiye Destek
1287,Fatma,TOKAT,Kobiye Destek
1306,Fatma,ÇANAKKALE,Kobiye Destek
1129,Fatma,ERZURUM,Kobiye Destek
1151,Fatma,HAKKARİ,Kobiye Destek
1250,Fatma,TUNCELİ,Kobiye Destek
729,Fatma,RİZE,Kobiye Destek
179,Fatma,KARAMAN,Kobiye Destek
250,Fatma,MANİSA,Kobiye Destek
6977,Fatma,KÜTAHYA,Kobiye Destek
6668,Fatma,DÜZCE,Kobiye Destek
6428,Fatma,IĞDIR,Kobiye Destek
6515,Fatma,AKSARAY,Kobiye Destek
6281,Fatma,TUNCELİ,Kobiye Destek
6342,Fatma,SİNOP,Kobiye Destek
5710,Fatma,KARS,Kobiye Destek
5552,Fatma,BİTLİS,Kobiye Destek
5170,Fatma,DÜZCE,Kobiye Destek
4754,Fatma,BİTLİS,Kobiye Destek
4423,Fatma,GÜMÜŞHANE,Kobiye Destek
4505,Fatma,EDİRNE,Kobiye Destek
4287,Fatma,ADANA,Kobiye Destek
4357,Fatma,SAKARYA,Kobiye Destek
4118,Fatma,GÜMÜŞHANE,Kobiye Destek
9794,Fatma,DİYARBAKIR,Kobiye Destek
9410,Fatma,ÇANKIRI,Kobiye Destek
9222,Fatma,TOKAT,Kobiye Destek
8683,Fatma,ÇANKIRI,Kobiye Destek
8480,Fatma,DENİZLİ,Kobiye Destek
8329,Fatma,IĞDIR,Kobiye Destek
7717,Fatma,ESKİŞEHİR,Kobiye Destek
7668,Fatma,KARS,Kobiye Destek
7414,Fatma,KIRŞEHİR,Kobiye Destek
7501,Fatma,ANTALYA,Kobiye Destek
3887,Fatma,ERZİNCAN,Kobiye Destek
3856,Furkan,KIRŞEHİR,Kobiye Destek
7801,Furkan,GÜMÜŞHANE,Kobiye Destek
2771,Furkan,KAHRAMANMARAŞ,Kobiye Destek
2518,Furkan,ESKİŞEHİR,Kobiye Destek
1216,Furkan,SİVAS,Kobiye Destek
1029,Furkan,ANKARA,Kobiye Destek
860,Furkan,YOZGAT,Kobiye Destek
913,Furkan,KİLİS,Kobiye Destek
412,Furkan,ŞIRNAK,Kobiye Destek
6472,Furkan,MERSİN,Kobiye Destek
6510,Furkan,KAYSERİ,Kobiye Destek
6341,Furkan,İSTANBUL,Kobiye Destek
6373,Furkan,ORDU,Kobiye Destek
5997,Furkan,DÜZCE,Kobiye Destek
5689,Furkan,NEVŞEHİR,Kobiye Destek
5698,Furkan,BURSA,Kobiye Destek
5424,Furkan,ARDAHAN,Kobiye Destek
5071,Furkan,BİTLİS,Kobiye Destek
4432,Furkan,MARDİN,Kobiye Destek
9546,Furkan,BARTIN,Kobiye Destek
9344,Furkan,VAN,Kobiye Destek
9186,Furkan,İZMİR,Kobiye Destek
9007,Furkan,BİNGÖL,Kobiye Destek
8808,Furkan,ZONGULDAK,Kobiye Destek
8877,Furkan,EDİRNE,Kobiye Destek
8443,Furkan,AKSARAY,Kobiye Destek
8063,Furkan,TEKİRDAĞ,Kobiye Destek
7880,Furkan,KIRKLARELİ,Kobiye Destek
3214,Furkan,AYDIN,Kobiye Destek
7851,Hacer,ARDAHAN,Kobiye Destek
835,Hacer,ISPARTA,Kobiye Destek
6690,Hacer,ERZİNCAN,Kobiye Destek
6458,Hacer,BAYBURT,Kobiye Destek
6109,Hacer,İSTANBUL,Kobiye Destek
6237,Hacer,TRABZON,Kobiye Destek
6083,Hacer,ESKİŞEHİR,Kobiye Destek
5664,Hacer,ZONGULDAK,Kobiye Destek
5705,Hacer,TRABZON,Kobiye Destek
5792,Hacer,KAHRAMANMARAŞ,Kobiye Destek
5483,Hacer,KİLİS,Kobiye Destek
5488,Hacer,ÇANAKKALE,Kobiye Destek
5494,Hacer,KASTAMONU,Kobiye Destek
5048,Hacer,SİİRT,Kobiye Destek
8838,Hacer,TUNCELİ,Kobiye Destek
5053,Hacer,YALOVA,Kobiye Destek
4993,Hacer,ADANA,Kobiye Destek
4811,Hacer,ANTALYA,Kobiye Destek
4467,Hacer,ARTVİN,Kobiye Destek
3848,Hacer,ŞIRNAK,Kobiye Destek
3362,Hacer,TRABZON,Kobiye Destek
2998,Hacer,ELAZIĞ,Kobiye Destek
7320,Hacer,OSMANİYE,Kobiye Destek
7119,Hacer,BİLECİK,Kobiye Destek
7138,Hacer,BİNGÖL,Kobiye Destek
243,Hacer,ANTALYA,Kobiye Destek
2814,Hacer,ARDAHAN,Kobiye Destek
2057,Hacer,ADANA,Kobiye Destek
1754,Hacer,EDİRNE,Kobiye Destek
1761,Hacer,RİZE,Kobiye Destek
1683,Hacer,MANİSA,Kobiye Destek
1327,Hacer,OSMANİYE,Kobiye Destek
1154,Hacer,ÇANAKKALE,Kobiye Destek
1225,Hacer,TEKİRDAĞ,Kobiye Destek
816,Hacer,MUŞ,Kobiye Destek
7463,Hacer,TOKAT,Kobiye Destek
8547,Hakan,MANİSA,Kobiye Destek
8205,Hakan,KARS,Kobiye Destek
7958,Hakan,ELAZIĞ,Kobiye Destek
7697,Hakan,ÇORUM,Kobiye Destek
6732,Hakan,MUŞ,Kobiye Destek
6172,Hakan,BURSA,Kobiye Destek
6259,Hakan,MERSİN,Kobiye Destek
5821,Hakan,ARDAHAN,Kobiye Destek
5833,Hakan,KARAMAN,Kobiye Destek
5780,Hakan,ADIYAMAN,Kobiye Destek
5326,Hakan,KONYA,Kobiye Destek
9838,Hakan,BAYBURT,Kobiye Destek
9531,Hakan,ANKARA,Kobiye Destek
9277,Hakan,ŞIRNAK,Kobiye Destek
9017,Hakan,ISPARTA,Kobiye Destek
8821,Hakan,BURSA,Kobiye Destek
8887,Hakan,BİTLİS,Kobiye Destek
8618,Hakan,ERZİNCAN,Kobiye Destek
8622,Hakan,ARTVİN,Kobiye Destek
8698,Hakan,IĞDIR,Kobiye Destek
4745,Hakan,IĞDIR,Kobiye Destek
4573,Hakan,YALOVA,Kobiye Destek
3934,Hakan,RİZE,Kobiye Destek
3986,Hakan,GAZİANTEP,Kobiye Destek
4031,Hakan,AFYONKARAHİSAR,Kobiye Destek
3663,Hakan,SİVAS,Kobiye Destek
3682,Hakan,NEVŞEHİR,Kobiye Destek
3744,Hakan,SİVAS,Kobiye Destek
3488,Hakan,AYDIN,Kobiye Destek
3518,Hakan,IĞDIR,Kobiye Destek
3422,Hakan,TUNCELİ,Kobiye Destek
7208,Hakan,KARABÜK,Kobiye Destek
7213,Hakan,ELAZIĞ,Kobiye Destek
7217,Hakan,MANİSA,Kobiye Destek
6889,Hakan,TRABZON,Kobiye Destek
595,Hakan,BALIKESİR,Kobiye Destek
240,Hakan,TOKAT,Kobiye Destek
62,Hakan,ZONGULDAK,Kobiye Destek
84,Hakan,EDİRNE,Kobiye Destek
2434,Hakan,KOCAELİ,Kobiye Destek
2221,Hakan,AFYONKARAHİSAR,Kobiye Destek
2226,Hakan,KÜTAHYA,Kobiye Destek
2324,Hakan,MANİSA,Kobiye Destek
1871,Hakan,KIRIKKALE,Kobiye Destek
1507,Hakan,NEVŞEHİR,Kobiye Destek
1512,Hakan,DÜZCE,Kobiye Destek
1520,Hakan,DENİZLİ,Kobiye Destek
1193,Hakan,ORDU,Kobiye Destek
940,Hakan,ERZİNCAN,Kobiye Destek
8015,Halil,ERZURUM,Kobiye Destek
1081,Halil,BURSA,Kobiye Destek
7654,Halil,ANKARA,Kobiye Destek
6784,Halil,İSTANBUL,Kobiye Destek
5288,Halil,BURSA,Kobiye Destek
9749,Halil,AĞRI,Kobiye Destek
9833,Halil,AKSARAY,Kobiye Destek
9598,Halil,DÜZCE,Kobiye Destek
9533,Halil,HATAY,Kobiye Destek
9360,Halil,BURDUR,Kobiye Destek
844,Halil,MUŞ,Kobiye Destek
4735,Halil,ERZİNCAN,Kobiye Destek
4471,Halil,MUĞLA,Kobiye Destek
3954,Halil,ERZİNCAN,Kobiye Destek
3622,Halil,BARTIN,Kobiye Destek
3751,Halil,MANİSA,Kobiye Destek
3003,Halil,ARTVİN,Kobiye Destek
3063,Halil,MUŞ,Kobiye Destek
704,Halil,SİVAS,Kobiye Destek
396,Halil,AKSARAY,Kobiye Destek
233,Halil,BİTLİS,Kobiye Destek
120,Halil,MUŞ,Kobiye Destek
2934,Halil,TUNCELİ,Kobiye Destek
2363,Halil,MUŞ,Kobiye Destek
1961,Halil,MUĞLA,Kobiye Destek
1527,Halil,ARDAHAN,Kobiye Destek
961,Halil,KARABÜK,Kobiye Destek
7945,Halil,BİTLİS,Kobiye Destek
8407,Hasan,ESKİŞEHİR,Kobiye Destek
1183,Hasan,DÜZCE,Kobiye Destek
5885,Hasan,BALIKESİR,Kobiye Destek
5735,Hasan,ERZURUM,Kobiye Destek
5524,Hasan,HAKKARİ,Kobiye Destek
5581,Hasan,ARDAHAN,Kobiye Destek
5298,Hasan,AMASYA,Kobiye Destek
9662,Hasan,ANTALYA,Kobiye Destek
3769,Hasan,ARTVİN,Kobiye Destek
3840,Hasan,KİLİS,Kobiye Destek
3644,Hasan,GAZİANTEP,Kobiye Destek
3716,Hasan,SİNOP,Kobiye Destek
3585,Hasan,YALOVA,Kobiye Destek
3586,Hasan,ARTVİN,Kobiye Destek
3396,Hasan,İSTANBUL,Kobiye Destek
3065,Hasan,ERZİNCAN,Kobiye Destek
6895,Hasan,DİYARBAKIR,Kobiye Destek
694,Hasan,ORDU,Kobiye Destek
726,Hasan,KARAMAN,Kobiye Destek
336,Hasan,İSTANBUL,Kobiye Destek
338,Hasan,TEKİRDAĞ,Kobiye Destek
44,Hasan,BOLU,Kobiye Destek
2969,Hasan,GAZİANTEP,Kobiye Destek
2732,Hasan,HATAY,Kobiye Destek
2549,Hasan,ÇANKIRI,Kobiye Destek
2173,Hasan,MANİSA,Kobiye Destek
1553,Hasan,AKSARAY,Kobiye Destek
1097,Hasan,ÇANAKKALE,Kobiye Destek
1153,Hasan,ERZURUM,Kobiye Destek
8083,Hasan,KARS,Kobiye Destek
8400,Hatice,KIRIKKALE,Kobiye Destek
1399,Hatice,ERZURUM,Kobiye Destek
7941,Hatice,ÇANAKKALE,Kobiye Destek
7476,Hatice,ERZURUM,Kobiye Destek
6795,Hatice,ISPARTA,Kobiye Destek
6449,Hatice,BİLECİK,Kobiye Destek
6531,Hatice,KARS,Kobiye Destek
5986,Hatice,SİNOP,Kobiye Destek
5387,Hatice,RİZE,Kobiye Destek
9591,Hatice,MERSİN,Kobiye Destek
9397,Hatice,BATMAN,Kobiye Destek
8949,Hatice,VAN,Kobiye Destek
9069,Hatice,KIRKLARELİ,Kobiye Destek
8798,Hatice,KARABÜK,Kobiye Destek
4837,Hatice,ANTALYA,Kobiye Destek
4516,Hatice,HAKKARİ,Kobiye Destek
4327,Hatice,IĞDIR,Kobiye Destek
3779,Hatice,BİLECİK,Kobiye Destek
2980,Hatice,KIRIKKALE,Kobiye Destek
3031,Hatice,BURSA,Kobiye Destek
7304,Hatice,BURDUR,Kobiye Destek
7109,Hatice,İSTANBUL,Kobiye Destek
7179,Hatice,BARTIN,Kobiye Destek
7003,Hatice,SİVAS,Kobiye Destek
9976,Hatice,BİLECİK,Kobiye Destek
2933,Hatice,AMASYA,Kobiye Destek
2784,Hatice,MARDİN,Kobiye Destek
2327,Hatice,KIRŞEHİR,Kobiye Destek
2063,Hatice,BİLECİK,Kobiye Destek
8300,Hatice,AĞRI,Kobiye Destek
8223,Havva,ZONGULDAK,Kobiye Destek
965,Havva,KIRKLARELİ,Kobiye Destek
7429,Havva,AMASYA,Kobiye Destek
6300,Havva,BURSA,Kobiye Destek
6120,Havva,BİNGÖL,Kobiye Destek
6126,Havva,AKSARAY,Kobiye Destek
6105,Havva,ISPARTA,Kobiye Destek
5773,Havva,ANTALYA,Kobiye Destek
9585,Havva,NEVŞEHİR,Kobiye Destek
9548,Havva,BARTIN,Kobiye Destek
9290,Havva,BALIKESİR,Kobiye Destek
9022,Havva,BAYBURT,Kobiye Destek
8672,Havva,ADIYAMAN,Kobiye Destek
8741,Havva,VAN,Kobiye Destek
8746,Havva,KASTAMONU,Kobiye Destek
639,Havva,BURDUR,Kobiye Destek
646,Havva,ÇANKIRI,Kobiye Destek
5126,Havva,GAZİANTEP,Kobiye Destek
5142,Havva,TUNCELİ,Kobiye Destek
4864,Havva,BİLECİK,Kobiye Destek
4588,Havva,ÇORUM,Kobiye Destek
4385,Havva,KARS,Kobiye Destek
3804,Havva,SAKARYA,Kobiye Destek
3874,Havva,ADIYAMAN,Kobiye Destek
3494,Havva,ADIYAMAN,Kobiye Destek
3215,Havva,ŞANLIURFA,Kobiye Destek
7163,Havva,MERSİN,Kobiye Destek
177,Havva,ANKARA,Kobiye Destek
2963,Havva,KARS,Kobiye Destek
2711,Havva,VAN,Kobiye Destek
2604,Havva,BİNGÖL,Kobiye Destek
2318,Havva,HATAY,Kobiye Destek
1851,Havva,KÜTAHYA,Kobiye Destek
1594,Havva,BİLECİK,Kobiye Destek
1182,Havva,SAKARYA,Kobiye Destek
1245,Havva,BATMAN,Kobiye Destek
7540,Havva,ARTVİN,Kobiye Destek
658,Hülya,VAN,Kobiye Destek
688,Hülya,YOZGAT,Kobiye Destek
232,Hülya,RİZE,Kobiye Destek
63,Hülya,ARDAHAN,Kobiye Destek
9991,Hülya,ADIYAMAN,Kobiye Destek
3105,Hülya,KAHRAMANMARAŞ,Kobiye Destek
2875,Hülya,ÇORUM,Kobiye Destek
2926,Hülya,AĞRI,Kobiye Destek
2666,Hülya,IĞDIR,Kobiye Destek
1923,Hülya,ÇANKIRI,Kobiye Destek
1842,Hülya,ORDU,Kobiye Destek
1261,Hülya,SİVAS,Kobiye Destek
1284,Hülya,KARABÜK,Kobiye Destek
1378,Hülya,SAMSUN,Kobiye Destek
1157,Hülya,SAKARYA,Kobiye Destek
811,Hülya,RİZE,Kobiye Destek
880,Hülya,YALOVA,Kobiye Destek
4883,Hülya,BURSA,Kobiye Destek
4713,Hülya,İZMİR,Kobiye Destek
4569,Hülya,ESKİŞEHİR,Kobiye Destek
4515,Hülya,KARAMAN,Kobiye Destek
4526,Hülya,ZONGULDAK,Kobiye Destek
4248,Hülya,BAYBURT,Kobiye Destek
4253,Hülya,BİTLİS,Kobiye Destek
4098,Hülya,BATMAN,Kobiye Destek
3942,Hülya,BALIKESİR,Kobiye Destek
3965,Hülya,SAMSUN,Kobiye Destek
4015,Hülya,ESKİŞEHİR,Kobiye Destek
4055,Hülya,EDİRNE,Kobiye Destek
3412,Hülya,BARTIN,Kobiye Destek
7246,Hülya,KARS,Kobiye Destek
7258,Hülya,YOZGAT,Kobiye Destek
7281,Hülya,VAN,Kobiye Destek
7360,Hülya,ÇORUM,Kobiye Destek
7046,Hülya,KÜTAHYA,Kobiye Destek
7125,Hülya,ZONGULDAK,Kobiye Destek
6520,Hülya,AKSARAY,Kobiye Destek
6525,Hülya,SİNOP,Kobiye Destek
6413,Hülya,ERZURUM,Kobiye Destek
5976,Hülya,VAN,Kobiye Destek
5374,Hülya,KIRŞEHİR,Kobiye Destek
5444,Hülya,KARAMAN,Kobiye Destek
5246,Hülya,ÇORUM,Kobiye Destek
9754,Hülya,BARTIN,Kobiye Destek
9781,Hülya,MALATYA,Kobiye Destek
9647,Hülya,ELAZIĞ,Kobiye Destek
9699,Hülya,ANKARA,Kobiye Destek
9122,Hülya,ERZURUM,Kobiye Destek
8930,Hülya,RİZE,Kobiye Destek
9068,Hülya,BURDUR,Kobiye Destek
8721,Hülya,BURDUR,Kobiye Destek
8397,Hülya,BATMAN,Kobiye Destek
7732,Hülya,KARS,Kobiye Destek
7386,Hülya,İSTANBUL,Kobiye Destek
424,Hüseyin,RİZE,Kobiye Destek
1185,Hüseyin,DİYARBAKIR,Kobiye Destek
3598,Hüseyin,NEVŞEHİR,Kobiye Destek
3349,Hüseyin,MALATYA,Kobiye Destek
3361,Hüseyin,KOCAELİ,Kobiye Destek
6985,Hüseyin,BİTLİS,Kobiye Destek
7510,Hüseyin,ISPARTA,Kobiye Destek
9810,Hüseyin,BATMAN,Kobiye Destek
9315,Hüseyin,ÇANKIRI,Kobiye Destek
8927,Hüseyin,HATAY,Kobiye Destek
8468,Hüseyin,BURDUR,Kobiye Destek
7534,Hüseyin,AKSARAY,Kobiye Destek
7624,Hüseyin,KIRKLARELİ,Kobiye Destek
6311,Hüseyin,ARDAHAN,Kobiye Destek
2554,Kadir,ÇORUM,Kobiye Destek
2401,Kadir,ADANA,Kobiye Destek
1776,Kadir,KARS,Kobiye Destek
1665,Kadir,EDİRNE,Kobiye Destek
1522,Kadir,YALOVA,Kobiye Destek
1330,Kadir,MERSİN,Kobiye Destek
713,Kadir,KIRIKKALE,Kobiye Destek
550,Kadir,VAN,Kobiye Destek
220,Kadir,MARDİN,Kobiye Destek
310,Kadir,KARS,Kobiye Destek
9590,Kadir,AMASYA,Kobiye Destek
9255,Kadir,BURDUR,Kobiye Destek
9086,Kadir,ÇANKIRI,Kobiye Destek
8979,Kadir,YOZGAT,Kobiye Destek
8785,Kadir,MUŞ,Kobiye Destek
8331,Kadir,MUĞLA,Kobiye Destek
7894,Kadir,KARAMAN,Kobiye Destek
7947,Kadir,ERZİNCAN,Kobiye Destek
7384,Kadir,MARDİN,Kobiye Destek
7409,Kadir,BAYBURT,Kobiye Destek
7518,Kadir,YOZGAT,Kobiye Destek
7302,Kadir,KARABÜK,Kobiye Destek
6872,Kadir,MUŞ,Kobiye Destek
6694,Kadir,UŞAK,Kobiye Destek
6452,Kadir,MARDİN,Kobiye Destek
6212,Kadir,UŞAK,Kobiye Destek
6100,Kadir,ÇANKIRI,Kobiye Destek
5856,Kadir,SİİRT,Kobiye Destek
5920,Kadir,ARTVİN,Kobiye Destek
5728,Kadir,DÜZCE,Kobiye Destek
5089,Kadir,BARTIN,Kobiye Destek
5141,Kadir,AYDIN,Kobiye Destek
4755,Kadir,YALOVA,Kobiye Destek
4544,Kadir,ÇORUM,Kobiye Destek
4613,Kadir,ARDAHAN,Kobiye Destek
4466,Kadir,KOCAELİ,Kobiye Destek
4238,Kadir,İZMİR,Kobiye Destek
4377,Kadir,MALATYA,Kobiye Destek
3932,Kadir,SİİRT,Kobiye Destek
3768,Kadir,SAMSUN,Kobiye Destek
3881,Kadir,ISPARTA,Kobiye Destek
3593,Kadir,HATAY,Kobiye Destek
3288,Kadir,KAHRAMANMARAŞ,Kobiye Destek
2899,Kadir,KÜTAHYA,Kobiye Destek
2544,Kadir,EDİRNE,Kobiye Destek
2090,Kübra,KARS,Kobiye Destek
2508,Kübra,BATMAN,Kobiye Destek
1644,Kübra,TOKAT,Kobiye Destek
1648,Kübra,İZMİR,Kobiye Destek
1454,Kübra,ARTVİN,Kobiye Destek
1269,Kübra,ARTVİN,Kobiye Destek
1101,Kübra,ERZURUM,Kobiye Destek
1000,Kübra,ORDU,Kobiye Destek
798,Kübra,MUĞLA,Kobiye Destek
9648,Kübra,BOLU,Kobiye Destek
9029,Kübra,İZMİR,Kobiye Destek
8782,Kübra,IĞDIR,Kobiye Destek
8686,Kübra,GÜMÜŞHANE,Kobiye Destek
8727,Kübra,ARTVİN,Kobiye Destek
8578,Kübra,ELAZIĞ,Kobiye Destek
8222,Kübra,AYDIN,Kobiye Destek
7073,Kübra,ORDU,Kobiye Destek
7129,Kübra,ERZURUM,Kobiye Destek
7148,Kübra,ESKİŞEHİR,Kobiye Destek
6956,Kübra,ARTVİN,Kobiye Destek
6991,Kübra,AYDIN,Kobiye Destek
6649,Kübra,ORDU,Kobiye Destek
6393,Kübra,KÜTAHYA,Kobiye Destek
5905,Kübra,ARTVİN,Kobiye Destek
5731,Kübra,KIRKLARELİ,Kobiye Destek
5143,Kübra,ÇORUM,Kobiye Destek
4590,Kübra,YOZGAT,Kobiye Destek
4642,Kübra,AFYONKARAHİSAR,Kobiye Destek
4670,Kübra,TRABZON,Kobiye Destek
3726,Kübra,GİRESUN,Kobiye Destek
3444,Kübra,KARAMAN,Kobiye Destek
3458,Kübra,HAKKARİ,Kobiye Destek
3148,Kübra,BURSA,Kobiye Destek
3177,Kübra,KIRKLARELİ,Kobiye Destek
3248,Kübra,KASTAMONU,Kobiye Destek
2990,Kübra,RİZE,Kobiye Destek
3042,Kübra,SİİRT,Kobiye Destek
1922,Kübra,ELAZIĞ,Kobiye Destek
9514,Leyla,NİĞDE,Kobiye Destek
359,Leyla,BURDUR,Kobiye Destek
8537,Leyla,DÜZCE,Kobiye Destek
7794,Leyla,KIRŞEHİR,Kobiye Destek
7548,Leyla,KIRKLARELİ,Kobiye Destek
7585,Leyla,BOLU,Kobiye Destek
6970,Leyla,YALOVA,Kobiye Destek
5933,Leyla,BARTIN,Kobiye Destek
5702,Leyla,KIRŞEHİR,Kobiye Destek
5418,Leyla,IĞDIR,Kobiye Destek
5441,Leyla,ERZURUM,Kobiye Destek
5222,Leyla,ERZİNCAN,Kobiye Destek
4677,Leyla,UŞAK,Kobiye Destek
4069,Leyla,ANTALYA,Kobiye Destek
4187,Leyla,GÜMÜŞHANE,Kobiye Destek
3463,Leyla,AKSARAY,Kobiye Destek
3335,Leyla,MANİSA,Kobiye Destek
3230,Leyla,ÇANAKKALE,Kobiye Destek
3033,Leyla,DÜZCE,Kobiye Destek
2322,Leyla,SİNOP,Kobiye Destek
2346,Leyla,ARTVİN,Kobiye Destek
1860,Leyla,ARTVİN,Kobiye Destek
1707,Leyla,İZMİR,Kobiye Destek
1467,Leyla,ADIYAMAN,Kobiye Destek
1531,Leyla,İSTANBUL,Kobiye Destek
1291,Leyla,ŞIRNAK,Kobiye Destek
977,Leyla,BİNGÖL,Kobiye Destek
664,Leyla,NİĞDE,Kobiye Destek
8478,Leyla,NİĞDE,Kobiye Destek
9808,Mahmut,KİLİS,Kobiye Destek
327,Mahmut,ADANA,Kobiye Destek
7666,Mahmut,ERZİNCAN,Kobiye Destek
6723,Mahmut,TRABZON,Kobiye Destek
5568,Mahmut,ADANA,Kobiye Destek
4738,Mahmut,ÇORUM,Kobiye Destek
4638,Mahmut,ŞANLIURFA,Kobiye Destek
4310,Mahmut,MUŞ,Kobiye Destek
4089,Mahmut,DENİZLİ,Kobiye Destek
3714,Mahmut,TUNCELİ,Kobiye Destek
3426,Mahmut,UŞAK,Kobiye Destek
2450,Mahmut,ADIYAMAN,Kobiye Destek
1532,Mahmut,ESKİŞEHİR,Kobiye Destek
1292,Mahmut,ARTVİN,Kobiye Destek
8481,Mahmut,ARTVİN,Kobiye Destek
9556,Mehmet,OSMANİYE,Kobiye Destek
9544,Mehmet,TRABZON,Kobiye Destek
9392,Mehmet,VAN,Kobiye Destek
9114,Mehmet,VAN,Kobiye Destek
9137,Mehmet,NİĞDE,Kobiye Destek
9198,Mehmet,YOZGAT,Kobiye Destek
8953,Mehmet,ESKİŞEHİR,Kobiye Destek
8332,Mehmet,ESKİŞEHİR,Kobiye Destek
7825,Mehmet,MUĞLA,Kobiye Destek
6995,Mehmet,ÇANKIRI,Kobiye Destek
6832,Mehmet,ERZİNCAN,Kobiye Destek
6586,Mehmet,IĞDIR,Kobiye Destek
6457,Mehmet,OSMANİYE,Kobiye Destek
6337,Mehmet,KIRŞEHİR,Kobiye Destek
5647,Mehmet,ERZİNCAN,Kobiye Destek
5730,Mehmet,OSMANİYE,Kobiye Destek
5772,Mehmet,ŞANLIURFA,Kobiye Destek
4436,Mehmet,AYDIN,Kobiye Destek
4460,Mehmet,GİRESUN,Kobiye Destek
4344,Mehmet,BARTIN,Kobiye Destek
4081,Mehmet,AĞRI,Kobiye Destek
4199,Mehmet,GAZİANTEP,Kobiye Destek
4210,Mehmet,AĞRI,Kobiye Destek
3788,Mehmet,ADIYAMAN,Kobiye Destek
3145,Mehmet,AĞRI,Kobiye Destek
2423,Mehmet,MUĞLA,Kobiye Destek
2444,Mehmet,SAKARYA,Kobiye Destek
2105,Mehmet,AMASYA,Kobiye Destek
1913,Mehmet,AKSARAY,Kobiye Destek
1875,Mehmet,MUĞLA,Kobiye Destek
1546,Mehmet,ÇORUM,Kobiye Destek
1112,Mehmet,TRABZON,Kobiye Destek
464,Mehmet,ESKİŞEHİR,Kobiye Destek
6641,Melek,MANİSA,Kobiye Destek
3185,Melek,AĞRI,Kobiye Destek
9866,Melek,BOLU,Kobiye Destek
9685,Melek,BİTLİS,Kobiye Destek
9704,Melek,DÜZCE,Kobiye Destek
9352,Melek,GÜMÜŞHANE,Kobiye Destek
9141,Melek,BİLECİK,Kobiye Destek
8705,Melek,GÜMÜŞHANE,Kobiye Destek
8413,Melek,OSMANİYE,Kobiye Destek
8296,Melek,AĞRI,Kobiye Destek
7753,Melek,RİZE,Kobiye Destek
7579,Melek,ARDAHAN,Kobiye Destek
7674,Melek,ORDU,Kobiye Destek
1978,Melek,BİNGÖL,Kobiye Destek
5575,Melek,MERSİN,Kobiye Destek
5595,Melek,TRABZON,Kobiye Destek
5633,Melek,SAMSUN,Kobiye Destek
5405,Melek,ELAZIĞ,Kobiye Destek
5315,Melek,VAN,Kobiye Destek
4877,Melek,BİNGÖL,Kobiye Destek
4905,Melek,KIRKLARELİ,Kobiye Destek
5008,Melek,ÇANKIRI,Kobiye Destek
4732,Melek,NEVŞEHİR,Kobiye Destek
4816,Melek,MUŞ,Kobiye Destek
4687,Melek,DÜZCE,Kobiye Destek
4464,Melek,ISPARTA,Kobiye Destek
4182,Melek,ARTVİN,Kobiye Destek
4183,Melek,BİNGÖL,Kobiye Destek
3771,Melek,ADIYAMAN,Kobiye Destek
7066,Melek,TUNCELİ,Kobiye Destek
7117,Melek,KOCAELİ,Kobiye Destek
6917,Melek,DİYARBAKIR,Kobiye Destek
1347,Melek,BİTLİS,Kobiye Destek
959,Melek,MUĞLA,Kobiye Destek
635,Melek,AĞRI,Kobiye Destek
746,Melek,BALIKESİR,Kobiye Destek
547,Melek,ERZİNCAN,Kobiye Destek
241,Melek,OSMANİYE,Kobiye Destek
9993,Melek,NEVŞEHİR,Kobiye Destek
3872,Melek,UŞAK,Kobiye Destek
6162,Melek,EDİRNE,Kobiye Destek
6704,Merve,ÇANAKKALE,Kobiye Destek
6113,Merve,KAYSERİ,Kobiye Destek
6193,Merve,AYDIN,Kobiye Destek
6234,Merve,BURDUR,Kobiye Destek
5965,Merve,İSTANBUL,Kobiye Destek
6023,Merve,KARAMAN,Kobiye Destek
5913,Merve,GÜMÜŞHANE,Kobiye Destek
5930,Merve,MARDİN,Kobiye Destek
9631,Merve,KONYA,Kobiye Destek
9440,Merve,ELAZIĞ,Kobiye Destek
9509,Merve,TRABZON,Kobiye Destek
9159,Merve,BİNGÖL,Kobiye Destek
8863,Merve,AĞRI,Kobiye Destek
8158,Merve,BAYBURT,Kobiye Destek
7988,Merve,ANTALYA,Kobiye Destek
7714,Merve,ANTALYA,Kobiye Destek
7746,Merve,KAHRAMANMARAŞ,Kobiye Destek
7530,Merve,BARTIN,Kobiye Destek
1996,Merve,SAMSUN,Kobiye Destek
1603,Merve,BAYBURT,Kobiye Destek
5662,Merve,SİVAS,Kobiye Destek
5316,Merve,MUŞ,Kobiye Destek
5035,Merve,VAN,Kobiye Destek
5131,Merve,OSMANİYE,Kobiye Destek
4753,Merve,BALIKESİR,Kobiye Destek
4036,Merve,SAMSUN,Kobiye Destek
6971,Merve,ORDU,Kobiye Destek
7015,Merve,TEKİRDAĞ,Kobiye Destek
1335,Merve,IĞDIR,Kobiye Destek
1360,Merve,KAHRAMANMARAŞ,Kobiye Destek
1390,Merve,BOLU,Kobiye Destek
1215,Merve,BARTIN,Kobiye Destek
1025,Merve,UŞAK,Kobiye Destek
1049,Merve,KONYA,Kobiye Destek
391,Merve,NEVŞEHİR,Kobiye Destek
207,Merve,MUŞ,Kobiye Destek
216,Merve,AYDIN,Kobiye Destek
217,Merve,KOCAELİ,Kobiye Destek
239,Merve,ARTVİN,Kobiye Destek
3869,Merve,ÇORUM,Kobiye Destek
3897,Merve,KOCAELİ,Kobiye Destek
3902,Merve,AĞRI,Kobiye Destek
3454,Merve,ÇANKIRI,Kobiye Destek
2991,Merve,BURSA,Kobiye Destek
3103,Merve,HAKKARİ,Kobiye Destek
2853,Merve,MARDİN,Kobiye Destek
2909,Merve,ÇANAKKALE,Kobiye Destek
2949,Merve,SİİRT,Kobiye Destek
2956,Merve,YALOVA,Kobiye Destek
2519,Merve,KIRKLARELİ,Kobiye Destek
2523,Merve,MERSİN,Kobiye Destek
2158,Merve,MANİSA,Kobiye Destek
1966,Merve,HAKKARİ,Kobiye Destek
6674,Meryem,OSMANİYE,Kobiye Destek
2161,Meryem,OSMANİYE,Kobiye Destek
6203,Meryem,GAZİANTEP,Kobiye Destek
5921,Meryem,ŞANLIURFA,Kobiye Destek
9307,Meryem,SAMSUN,Kobiye Destek
8543,Meryem,NİĞDE,Kobiye Destek
8587,Meryem,ERZURUM,Kobiye Destek
8353,Meryem,RİZE,Kobiye Destek
8369,Meryem,OSMANİYE,Kobiye Destek
7843,Meryem,MUĞLA,Kobiye Destek
7653,Meryem,ZONGULDAK,Kobiye Destek
2018,Meryem,AKSARAY,Kobiye Destek
1624,Meryem,KIRKLARELİ,Kobiye Destek
5623,Meryem,MALATYA,Kobiye Destek
5192,Meryem,DÜZCE,Kobiye Destek
5310,Meryem,ÇANKIRI,Kobiye Destek
5075,Meryem,ESKİŞEHİR,Kobiye Destek
4572,Meryem,ARDAHAN,Kobiye Destek
4577,Meryem,ERZİNCAN,Kobiye Destek
4308,Meryem,KİLİS,Kobiye Destek
4052,Meryem,KIRIKKALE,Kobiye Destek
7456,Meryem,ISPARTA,Kobiye Destek
7250,Meryem,EDİRNE,Kobiye Destek
7285,Meryem,ÇANAKKALE,Kobiye Destek
7292,Meryem,ELAZIĞ,Kobiye Destek
7339,Meryem,SAMSUN,Kobiye Destek
7203,Meryem,BALIKESİR,Kobiye Destek
6923,Meryem,KONYA,Kobiye Destek
6822,Meryem,SAMSUN,Kobiye Destek
6861,Meryem,SAMSUN,Kobiye Destek
1716,Meryem,BARTIN,Kobiye Destek
1420,Meryem,BOLU,Kobiye Destek
1052,Meryem,ŞANLIURFA,Kobiye Destek
626,Meryem,ANTALYA,Kobiye Destek
320,Meryem,DİYARBAKIR,Kobiye Destek
247,Meryem,KAHRAMANMARAŞ,Kobiye Destek
141,Meryem,KIRKLARELİ,Kobiye Destek
3701,Meryem,SİNOP,Kobiye Destek
3512,Meryem,AMASYA,Kobiye Destek
3597,Meryem,ARDAHAN,Kobiye Destek
3359,Meryem,BOLU,Kobiye Destek
3200,Meryem,GİRESUN,Kobiye Destek
3000,Meryem,EDİRNE,Kobiye Destek
2859,Meryem,TOKAT,Kobiye Destek
2911,Meryem,MANİSA,Kobiye Destek
6448,Meryem,ERZURUM,Kobiye Destek
6438,Metin,TEKİRDAĞ,Kobiye Destek
2499,Metin,KIRŞEHİR,Kobiye Destek
6418,Metin,BATMAN,Kobiye Destek
9584,Metin,MUŞ,Kobiye Destek
9422,Metin,ANKARA,Kobiye Destek
9118,Metin,BİNGÖL,Kobiye Destek
9176,Metin,SAKARYA,Kobiye Destek
8884,Metin,BATMAN,Kobiye Destek
8541,Metin,ISPARTA,Kobiye Destek
8241,Metin,KARAMAN,Kobiye Destek
1982,Metin,ÇORUM,Kobiye Destek
1783,Metin,YALOVA,Kobiye Destek
5645,Metin,KARS,Kobiye Destek
5767,Metin,ÇANAKKALE,Kobiye Destek
5561,Metin,BARTIN,Kobiye Destek
5407,Metin,BİTLİS,Kobiye Destek
5045,Metin,AYDIN,Kobiye Destek
4977,Metin,ISPARTA,Kobiye Destek
4468,Metin,IĞDIR,Kobiye Destek
4340,Metin,ANKARA,Kobiye Destek
3810,Metin,KİLİS,Kobiye Destek
7450,Metin,NEVŞEHİR,Kobiye Destek
7263,Metin,MUŞ,Kobiye Destek
7059,Metin,İZMİR,Kobiye Destek
7106,Metin,SAKARYA,Kobiye Destek
7154,Metin,SAMSUN,Kobiye Destek
1549,Metin,EDİRNE,Kobiye Destek
1370,Metin,DÜZCE,Kobiye Destek
1093,Metin,KÜTAHYA,Kobiye Destek
886,Metin,KAHRAMANMARAŞ,Kobiye Destek
648,Metin,KAYSERİ,Kobiye Destek
445,Metin,HAKKARİ,Kobiye Destek
458,Metin,KONYA,Kobiye Destek
147,Metin,DİYARBAKIR,Kobiye Destek
3620,Metin,AĞRI,Kobiye Destek
3499,Metin,ANTALYA,Kobiye Destek
3163,Metin,AYDIN,Kobiye Destek
2764,Metin,DİYARBAKIR,Kobiye Destek
2630,Metin,KİLİS,Kobiye Destek
6353,Metin,ANKARA,Kobiye Destek
3549,Muhammed,ARTVİN,Kobiye Destek
3126,Muhammed,ORDU,Kobiye Destek
2788,Muhammed,MUĞLA,Kobiye Destek
2393,Muhammed,DENİZLİ,Kobiye Destek
2100,Muhammed,SİVAS,Kobiye Destek
2148,Muhammed,MALATYA,Kobiye Destek
5750,Muhammed,BİTLİS,Kobiye Destek
5553,Muhammed,ELAZIĞ,Kobiye Destek
4894,Muhammed,ADANA,Kobiye Destek
4772,Muhammed,GÜMÜŞHANE,Kobiye Destek
4827,Muhammed,MARDİN,Kobiye Destek
4579,Muhammed,MUŞ,Kobiye Destek
4640,Muhammed,AĞRI,Kobiye Destek
4448,Muhammed,KOCAELİ,Kobiye Destek
7382,Muhammed,AMASYA,Kobiye Destek
7233,Muhammed,BARTIN,Kobiye Destek
7002,Muhammed,AKSARAY,Kobiye Destek
6670,Muhammed,BİTLİS,Kobiye Destek
6323,Muhammed,BİTLİS,Kobiye Destek
6077,Muhammed,MARDİN,Kobiye Destek
9686,Muhammed,ŞANLIURFA,Kobiye Destek
9480,Muhammed,MERSİN,Kobiye Destek
9539,Muhammed,KAYSERİ,Kobiye Destek
9253,Muhammed,ISPARTA,Kobiye Destek
9166,Muhammed,KARS,Kobiye Destek
8777,Muhammed,ANTALYA,Kobiye Destek
8783,Muhammed,GAZİANTEP,Kobiye Destek
8510,Muhammed,YALOVA,Kobiye Destek
8058,Muhammed,MUŞ,Kobiye Destek
7751,Muhammed,ÇANKIRI,Kobiye Destek
7785,Muhammed,DÜZCE,Kobiye Destek
1492,Murat,AĞRI,Kobiye Destek
8163,Murat,VAN,Kobiye Destek
1187,Murat,ERZURUM,Kobiye Destek
929,Murat,KOCAELİ,Kobiye Destek
725,Murat,GİRESUN,Kobiye Destek
3497,Murat,DENİZLİ,Kobiye Destek
3012,Murat,NİĞDE,Kobiye Destek
3049,Murat,BİLECİK,Kobiye Destek
2870,Murat,ÇORUM,Kobiye Destek
2902,Murat,İZMİR,Kobiye Destek
2962,Murat,KARABÜK,Kobiye Destek
2697,Murat,VAN,Kobiye Destek
2321,Murat,MARDİN,Kobiye Destek
2042,Murat,KÜTAHYA,Kobiye Destek
1916,Murat,EDİRNE,Kobiye Destek
1947,Murat,KASTAMONU,Kobiye Destek
5778,Murat,SİVAS,Kobiye Destek
5329,Murat,ÇANKIRI,Kobiye Destek
5399,Murat,SİVAS,Kobiye Destek
4906,Murat,RİZE,Kobiye Destek
4706,Murat,OSMANİYE,Kobiye Destek
4828,Murat,BURDUR,Kobiye Destek
3911,Murat,GAZİANTEP,Kobiye Destek
3823,Murat,RİZE,Kobiye Destek
7445,Murat,MARDİN,Kobiye Destek
7473,Murat,MERSİN,Kobiye Destek
7496,Murat,HAKKARİ,Kobiye Destek
7152,Murat,KARABÜK,Kobiye Destek
6918,Murat,KİLİS,Kobiye Destek
7017,Murat,TOKAT,Kobiye Destek
6656,Murat,DÜZCE,Kobiye Destek
6712,Murat,DÜZCE,Kobiye Destek
6306,Murat,SİNOP,Kobiye Destek
6335,Murat,KONYA,Kobiye Destek
6069,Murat,KASTAMONU,Kobiye Destek
9842,Murat,GİRESUN,Kobiye Destek
9554,Murat,MANİSA,Kobiye Destek
9614,Murat,ISPARTA,Kobiye Destek
9487,Murat,AKSARAY,Kobiye Destek
9163,Murat,ISPARTA,Kobiye Destek
8852,Murat,KOCAELİ,Kobiye Destek
8694,Murat,MARDİN,Kobiye Destek
8697,Murat,SİVAS,Kobiye Destek
8473,Murat,TRABZON,Kobiye Destek
8527,Murat,KAHRAMANMARAŞ,Kobiye Destek
1265,Murat,OSMANİYE,Kobiye Destek
1404,Mustafa,BARTIN,Kobiye Destek
7693,Mustafa,AKSARAY,Kobiye Destek
601,Mustafa,BİTLİS,Kobiye Destek
3906,Mustafa,KARABÜK,Kobiye Destek
3216,Mustafa,ADIYAMAN,Kobiye Destek
3270,Mustafa,DENİZLİ,Kobiye Destek
3014,Mustafa,NİĞDE,Kobiye Destek
2930,Mustafa,AYDIN,Kobiye Destek
2481,Mustafa,GİRESUN,Kobiye Destek
2098,Mustafa,İSTANBUL,Kobiye Destek
2134,Mustafa,MANİSA,Kobiye Destek
1658,Mustafa,ANTALYA,Kobiye Destek
5548,Mustafa,RİZE,Kobiye Destek
5220,Mustafa,UŞAK,Kobiye Destek
5276,Mustafa,EDİRNE,Kobiye Destek
5107,Mustafa,ŞANLIURFA,Kobiye Destek
4592,Mustafa,HATAY,Kobiye Destek
4616,Mustafa,TOKAT,Kobiye Destek
4664,Mustafa,KARAMAN,Kobiye Destek
4513,Mustafa,KARAMAN,Kobiye Destek
4261,Mustafa,DİYARBAKIR,Kobiye Destek
4372,Mustafa,MERSİN,Kobiye Destek
7376,Mustafa,TRABZON,Kobiye Destek
7344,Mustafa,DİYARBAKIR,Kobiye Destek
7076,Mustafa,SİNOP,Kobiye Destek
7102,Mustafa,OSMANİYE,Kobiye Destek
7041,Mustafa,YOZGAT,Kobiye Destek
6541,Mustafa,BİNGÖL,Kobiye Destek
6301,Mustafa,KAYSERİ,Kobiye Destek
6368,Mustafa,ISPARTA,Kobiye Destek
6407,Mustafa,KIRŞEHİR,Kobiye Destek
6091,Mustafa,SİVAS,Kobiye Destek
5802,Mustafa,MALATYA,Kobiye Destek
9528,Mustafa,MUŞ,Kobiye Destek
9350,Mustafa,SİİRT,Kobiye Destek
9158,Mustafa,SİİRT,Kobiye Destek
8834,Mustafa,KIRKLARELİ,Kobiye Destek
8676,Mustafa,ŞIRNAK,Kobiye Destek
8693,Mustafa,SAMSUN,Kobiye Destek
553,Mustafa,ŞANLIURFA,Kobiye Destek
9811,Osman,GİRESUN,Kobiye Destek
9960,Osman,KIRŞEHİR,Kobiye Destek
9450,Osman,KAYSERİ,Kobiye Destek
9492,Osman,AYDIN,Kobiye Destek
9520,Osman,BARTIN,Kobiye Destek
9538,Osman,ORDU,Kobiye Destek
9368,Osman,AKSARAY,Kobiye Destek
9379,Osman,TUNCELİ,Kobiye Destek
9097,Osman,KARS,Kobiye Destek
9048,Osman,KOCAELİ,Kobiye Destek
8273,Osman,MERSİN,Kobiye Destek
7807,Osman,HATAY,Kobiye Destek
7444,Osman,GÜMÜŞHANE,Kobiye Destek
7506,Osman,OSMANİYE,Kobiye Destek
7245,Osman,ŞANLIURFA,Kobiye Destek
7027,Osman,YALOVA,Kobiye Destek
6765,Osman,IĞDIR,Kobiye Destek
6846,Osman,KARABÜK,Kobiye Destek
6433,Osman,ISPARTA,Kobiye Destek
6379,Osman,EDİRNE,Kobiye Destek
6053,Osman,İZMİR,Kobiye Destek
5869,Osman,ERZURUM,Kobiye Destek
5784,Osman,İSTANBUL,Kobiye Destek
5611,Osman,BARTIN,Kobiye Destek
5168,Osman,KAYSERİ,Kobiye Destek
5322,Osman,KARABÜK,Kobiye Destek
4951,Osman,HATAY,Kobiye Destek
4603,Osman,ANKARA,Kobiye Destek
4645,Osman,ÇORUM,Kobiye Destek
4397,Osman,İZMİR,Kobiye Destek
4221,Osman,KARABÜK,Kobiye Destek
3961,Osman,EDİRNE,Kobiye Destek
3699,Osman,GİRESUN,Kobiye Destek
3728,Osman,ADANA,Kobiye Destek
3158,Osman,SİNOP,Kobiye Destek
3066,Osman,MUŞ,Kobiye Destek
2918,Osman,KARABÜK,Kobiye Destek
2704,Osman,ZONGULDAK,Kobiye Destek
2720,Osman,OSMANİYE,Kobiye Destek
2614,Osman,MUŞ,Kobiye Destek
2313,Osman,AFYONKARAHİSAR,Kobiye Destek
2129,Osman,ADANA,Kobiye Destek
2140,Osman,MARDİN,Kobiye Destek
1723,Osman,DİYARBAKIR,Kobiye Destek
1712,Osman,AMASYA,Kobiye Destek
1555,Osman,KOCAELİ,Kobiye Destek
1355,Osman,KIRŞEHİR,Kobiye Destek
1103,Osman,DİYARBAKIR,Kobiye Destek
1105,Osman,KİLİS,Kobiye Destek
1210,Osman,BİNGÖL,Kobiye Destek
1244,Osman,MUĞLA,Kobiye Destek
909,Osman,KASTAMONU,Kobiye Destek
928,Osman,BİNGÖL,Kobiye Destek
733,Osman,KONYA,Kobiye Destek
352,Osman,EDİRNE,Kobiye Destek
358,Osman,ANKARA,Kobiye Destek
381,Osman,BİTLİS,Kobiye Destek
395,Osman,MUĞLA,Kobiye Destek
463,Osman,ERZURUM,Kobiye Destek
263,Osman,VAN,Kobiye Destek
9629,Osman,RİZE,Kobiye Destek
8398,Rabia,ARTVİN,Kobiye Destek
8149,Rabia,ARTVİN,Kobiye Destek
8154,Rabia,AKSARAY,Kobiye Destek
8275,Rabia,KARAMAN,Kobiye Destek
7644,Rabia,KIRKLARELİ,Kobiye Destek
7649,Rabia,KONYA,Kobiye Destek
7391,Rabia,VAN,Kobiye Destek
7498,Rabia,ÇANKIRI,Kobiye Destek
7514,Rabia,SİVAS,Kobiye Destek
7244,Rabia,DÜZCE,Kobiye Destek
6892,Rabia,MUĞLA,Kobiye Destek
6762,Rabia,KONYA,Kobiye Destek
6862,Rabia,IĞDIR,Kobiye Destek
6599,Rabia,GÜMÜŞHANE,Kobiye Destek
6222,Rabia,UŞAK,Kobiye Destek
5811,Rabia,KASTAMONU,Kobiye Destek
5876,Rabia,BURSA,Kobiye Destek
5938,Rabia,AKSARAY,Kobiye Destek
5605,Rabia,ANTALYA,Kobiye Destek
180,Rabia,ŞIRNAK,Kobiye Destek
258,Rabia,HAKKARİ,Kobiye Destek
260,Rabia,İSTANBUL,Kobiye Destek
5634,Rabia,DİYARBAKIR,Kobiye Destek
5409,Rabia,TOKAT,Kobiye Destek
4548,Rabia,TOKAT,Kobiye Destek
4521,Rabia,ORDU,Kobiye Destek
3970,Rabia,GÜMÜŞHANE,Kobiye Destek
3866,Rabia,ESKİŞEHİR,Kobiye Destek
3624,Rabia,ARDAHAN,Kobiye Destek
3570,Rabia,MALATYA,Kobiye Destek
3197,Rabia,SAKARYA,Kobiye Destek
2841,Rabia,SAMSUN,Kobiye Destek
2669,Rabia,BURDUR,Kobiye Destek
2674,Rabia,GİRESUN,Kobiye Destek
2618,Rabia,ORDU,Kobiye Destek
2093,Rabia,TUNCELİ,Kobiye Destek
1888,Rabia,EDİRNE,Kobiye Destek
1930,Rabia,SİNOP,Kobiye Destek
1944,Rabia,SAKARYA,Kobiye Destek
1630,Rabia,EDİRNE,Kobiye Destek
1698,Rabia,BURDUR,Kobiye Destek
1466,Rabia,SAMSUN,Kobiye Destek
1033,Rabia,GAZİANTEP,Kobiye Destek
687,Rabia,SİNOP,Kobiye Destek
9758,Rabia,UŞAK,Kobiye Destek
9847,Rabia,ÇANAKKALE,Kobiye Destek
9651,Rabia,ŞIRNAK,Kobiye Destek
9400,Rabia,KAHRAMANMARAŞ,Kobiye Destek
9240,Rabia,İZMİR,Kobiye Destek
9328,Rabia,DİYARBAKIR,Kobiye Destek
9337,Rabia,GİRESUN,Kobiye Destek
8861,Rabia,SİVAS,Kobiye Destek
8391,Rabia,BİTLİS,Kobiye Destek
8230,Ramazan,AMASYA,Kobiye Destek
8352,Ramazan,KARAMAN,Kobiye Destek
7884,Ramazan,AFYONKARAHİSAR,Kobiye Destek
7305,Ramazan,KIRIKKALE,Kobiye Destek
7110,Ramazan,KAHRAMANMARAŞ,Kobiye Destek
7169,Ramazan,BATMAN,Kobiye Destek
6473,Ramazan,KASTAMONU,Kobiye Destek
6276,Ramazan,KOCAELİ,Kobiye Destek
5854,Ramazan,KARS,Kobiye Destek
372,Ramazan,KASTAMONU,Kobiye Destek
178,Ramazan,MARDİN,Kobiye Destek
209,Ramazan,SAKARYA,Kobiye Destek
55,Ramazan,UŞAK,Kobiye Destek
86,Ramazan,SAKARYA,Kobiye Destek
94,Ramazan,BOLU,Kobiye Destek
9913,Ramazan,DENİZLİ,Kobiye Destek
5193,Ramazan,HATAY,Kobiye Destek
5031,Ramazan,GAZİANTEP,Kobiye Destek
4814,Ramazan,DİYARBAKIR,Kobiye Destek
4851,Ramazan,ADANA,Kobiye Destek
4656,Ramazan,KONYA,Kobiye Destek
4244,Ramazan,KİLİS,Kobiye Destek
4314,Ramazan,ELAZIĞ,Kobiye Destek
4165,Ramazan,ANKARA,Kobiye Destek
3791,Ramazan,ISPARTA,Kobiye Destek
3479,Ramazan,BAYBURT,Kobiye Destek
3332,Ramazan,SİİRT,Kobiye Destek
3423,Ramazan,ADIYAMAN,Kobiye Destek
2596,Ramazan,SAMSUN,Kobiye Destek
2099,Ramazan,KIRIKKALE,Kobiye Destek
1781,Ramazan,DÜZCE,Kobiye Destek
1443,Ramazan,UŞAK,Kobiye Destek
9611,Ramazan,UŞAK,Kobiye Destek
9659,Ramazan,SAKARYA,Kobiye Destek
9478,Ramazan,EDİRNE,Kobiye Destek
9228,Ramazan,BALIKESİR,Kobiye Destek
8946,Ramazan,MERSİN,Kobiye Destek
8868,Ramazan,AKSARAY,Kobiye Destek
8014,Ramazan,BAYBURT,Kobiye Destek
34,Recep,BİLECİK,Kobiye Destek
115,Recep,İSTANBUL,Kobiye Destek
144,Recep,GÜMÜŞHANE,Kobiye Destek
5395,Recep,ORDU,Kobiye Destek
5396,Recep,ARDAHAN,Kobiye Destek
5402,Recep,ANTALYA,Kobiye Destek
5423,Recep,OSMANİYE,Kobiye Destek
5084,Recep,MERSİN,Kobiye Destek
5086,Recep,ARDAHAN,Kobiye Destek
4944,Recep,KARABÜK,Kobiye Destek
4243,Recep,AKSARAY,Kobiye Destek
3938,Recep,RİZE,Kobiye Destek
3974,Recep,OSMANİYE,Kobiye Destek
4050,Recep,IĞDIR,Kobiye Destek
3778,Recep,BALIKESİR,Kobiye Destek
3676,Recep,KASTAMONU,Kobiye Destek
3355,Recep,BARTIN,Kobiye Destek
3437,Recep,BALIKESİR,Kobiye Destek
2699,Recep,GÜMÜŞHANE,Kobiye Destek
2316,Recep,ŞANLIURFA,Kobiye Destek
1898,Recep,ELAZIĞ,Kobiye Destek
1936,Recep,ERZİNCAN,Kobiye Destek
1861,Recep,BİNGÖL,Kobiye Destek
1337,Recep,ARDAHAN,Kobiye Destek
1146,Recep,ELAZIĞ,Kobiye Destek
1083,Recep,MARDİN,Kobiye Destek
668,Recep,BATMAN,Kobiye Destek
709,Recep,YALOVA,Kobiye Destek
712,Recep,TOKAT,Kobiye Destek
9136,Recep,HAKKARİ,Kobiye Destek
8350,Recep,KARAMAN,Kobiye Destek
8166,Recep,HAKKARİ,Kobiye Destek
8173,Recep,AMASYA,Kobiye Destek
8082,Recep,DİYARBAKIR,Kobiye Destek
7904,Recep,DENİZLİ,Kobiye Destek
7675,Recep,ANTALYA,Kobiye Destek
7625,Recep,TUNCELİ,Kobiye Destek
6983,Recep,AĞRI,Kobiye Destek
6766,Recep,HATAY,Kobiye Destek
6717,Recep,BURDUR,Kobiye Destek
6554,Recep,ŞIRNAK,Kobiye Destek
6404,Recep,TUNCELİ,Kobiye Destek
6115,Recep,SAKARYA,Kobiye Destek
6122,Recep,ORDU,Kobiye Destek
6035,Recep,BURDUR,Kobiye Destek
6095,Recep,MERSİN,Kobiye Destek
5804,Recep,DENİZLİ,Kobiye Destek
5681,Recep,AYDIN,Kobiye Destek
5601,Recep,ADIYAMAN,Kobiye Destek
5239,Serkan,ISPARTA,Kobiye Destek
5417,Serkan,UŞAK,Kobiye Destek
9573,Serkan,BOLU,Kobiye Destek
9508,Serkan,BALIKESİR,Kobiye Destek
9239,Serkan,HAKKARİ,Kobiye Destek
9320,Serkan,KIRKLARELİ,Kobiye Destek
9212,Serkan,KAYSERİ,Kobiye Destek
8936,Serkan,ZONGULDAK,Kobiye Destek
9015,Serkan,ERZİNCAN,Kobiye Destek
8674,Serkan,BATMAN,Kobiye Destek
8487,Serkan,TEKİRDAĞ,Kobiye Destek
8367,Serkan,ARDAHAN,Kobiye Destek
8406,Serkan,İSTANBUL,Kobiye Destek
8211,Serkan,AFYONKARAHİSAR,Kobiye Destek
8103,Serkan,VAN,Kobiye Destek
8122,Serkan,GÜMÜŞHANE,Kobiye Destek
1839,Serkan,ANTALYA,Kobiye Destek
1496,Serkan,YALOVA,Kobiye Destek
1050,Serkan,ARDAHAN,Kobiye Destek
790,Serkan,SAKARYA,Kobiye Destek
717,Serkan,ARDAHAN,Kobiye Destek
509,Serkan,KOCAELİ,Kobiye Destek
369,Serkan,BOLU,Kobiye Destek
407,Serkan,GAZİANTEP,Kobiye Destek
9887,Serkan,BAYBURT,Kobiye Destek
4225,Serkan,KİLİS,Kobiye Destek
3972,Serkan,UŞAK,Kobiye Destek
3650,Serkan,HATAY,Kobiye Destek
3151,Serkan,SAKARYA,Kobiye Destek
3051,Serkan,ANKARA,Kobiye Destek
3071,Serkan,ERZURUM,Kobiye Destek
2416,Serkan,AFYONKARAHİSAR,Kobiye Destek
1887,Serkan,ELAZIĞ,Kobiye Destek
7266,Serkan,UŞAK,Kobiye Destek
7113,Serkan,YOZGAT,Kobiye Destek
7184,Serkan,ORDU,Kobiye Destek
6669,Serkan,ÇANAKKALE,Kobiye Destek
6132,Serkan,KIRIKKALE,Kobiye Destek
5929,Serkan,KARS,Kobiye Destek
5350,Serkan,NİĞDE,Kobiye Destek
9802,Serkan,ESKİŞEHİR,Kobiye Destek
5216,Sevim,MANİSA,Kobiye Destek
5259,Sevim,ANTALYA,Kobiye Destek
4652,Sevim,BALIKESİR,Kobiye Destek
4676,Sevim,AĞRI,Kobiye Destek
9726,Sevim,DÜZCE,Kobiye Destek
9777,Sevim,DİYARBAKIR,Kobiye Destek
9815,Sevim,AĞRI,Kobiye Destek
9618,Sevim,GAZİANTEP,Kobiye Destek
9649,Sevim,BARTIN,Kobiye Destek
9666,Sevim,TEKİRDAĞ,Kobiye Destek
9183,Sevim,AĞRI,Kobiye Destek
9040,Sevim,ERZURUM,Kobiye Destek
8656,Sevim,UŞAK,Kobiye Destek
8528,Sevim,KARAMAN,Kobiye Destek
8274,Sevim,KARS,Kobiye Destek
7937,Sevim,ANKARA,Kobiye Destek
7985,Sevim,ÇANAKKALE,Kobiye Destek
1326,Sevim,ERZİNCAN,Kobiye Destek
1184,Sevim,ESKİŞEHİR,Kobiye Destek
1036,Sevim,YOZGAT,Kobiye Destek
1039,Sevim,KASTAMONU,Kobiye Destek
537,Sevim,MARDİN,Kobiye Destek
388,Sevim,NİĞDE,Kobiye Destek
455,Sevim,HATAY,Kobiye Destek
106,Sevim,ADIYAMAN,Kobiye Destek
9912,Sevim,BOLU,Kobiye Destek
9925,Sevim,ANTALYA,Kobiye Destek
4347,Sevim,KIRIKKALE,Kobiye Destek
4376,Sevim,SAKARYA,Kobiye Destek
4167,Sevim,SİİRT,Kobiye Destek
3920,Sevim,SAMSUN,Kobiye Destek
3838,Sevim,EDİRNE,Kobiye Destek
3899,Sevim,BOLU,Kobiye Destek
3695,Sevim,DENİZLİ,Kobiye Destek
3743,Sevim,ÇORUM,Kobiye Destek
2663,Sevim,HATAY,Kobiye Destek
2672,Sevim,DENİZLİ,Kobiye Destek
2041,Sevim,ERZİNCAN,Kobiye Destek
2052,Sevim,ADIYAMAN,Kobiye Destek
2003,Sevim,GİRESUN,Kobiye Destek
2004,Sevim,ERZİNCAN,Kobiye Destek
1818,Sevim,ORDU,Kobiye Destek
7283,Sevim,BİTLİS,Kobiye Destek
7284,Sevim,BATMAN,Kobiye Destek
7124,Sevim,BİLECİK,Kobiye Destek
7191,Sevim,AKSARAY,Kobiye Destek
7195,Sevim,DİYARBAKIR,Kobiye Destek
6831,Sevim,ANKARA,Kobiye Destek
6651,Sevim,İSTANBUL,Kobiye Destek
6328,Sevim,AYDIN,Kobiye Destek
6381,Sevim,BOLU,Kobiye Destek
6412,Sevim,SAMSUN,Kobiye Destek
6112,Sevim,ORDU,Kobiye Destek
5817,Sevim,MUŞ,Kobiye Destek
5639,Sevim,HATAY,Kobiye Destek
5206,Sevim,İZMİR,Kobiye Destek
1595,Songül,AYDIN,Kobiye Destek
1354,Songül,BAYBURT,Kobiye Destek
1069,Songül,SİVAS,Kobiye Destek
1076,Songül,EDİRNE,Kobiye Destek
678,Songül,YALOVA,Kobiye Destek
779,Songül,KİLİS,Kobiye Destek
480,Songül,DÜZCE,Kobiye Destek
584,Songül,KIRŞEHİR,Kobiye Destek
418,Songül,GİRESUN,Kobiye Destek
426,Songül,DÜZCE,Kobiye Destek
151,Songül,KIRŞEHİR,Kobiye Destek
4459,Songül,BİLECİK,Kobiye Destek
3449,Songül,GAZİANTEP,Kobiye Destek
3568,Songül,KARABÜK,Kobiye Destek
3251,Songül,KÜTAHYA,Kobiye Destek
3278,Songül,KAHRAMANMARAŞ,Kobiye Destek
3036,Songül,BURDUR,Kobiye Destek
3053,Songül,ÇANAKKALE,Kobiye Destek
2529,Songül,ERZURUM,Kobiye Destek
2612,Songül,SAKARYA,Kobiye Destek
2415,Songül,ELAZIĞ,Kobiye Destek
2250,Songül,BAYBURT,Kobiye Destek
2276,Songül,ÇANKIRI,Kobiye Destek
1880,Songül,DENİZLİ,Kobiye Destek
1721,Songül,ANTALYA,Kobiye Destek
7068,Songül,ANKARA,Kobiye Destek
7036,Songül,KİLİS,Kobiye Destek
6538,Songül,KARS,Kobiye Destek
6565,Songül,SİNOP,Kobiye Destek
6402,Songül,ÇANAKKALE,Kobiye Destek
6183,Songül,MANİSA,Kobiye Destek
6034,Songül,AMASYA,Kobiye Destek
5665,Songül,YOZGAT,Kobiye Destek
5390,Songül,SİNOP,Kobiye Destek
5419,Songül,KONYA,Kobiye Destek
5217,Songül,ERZURUM,Kobiye Destek
5252,Songül,DENİZLİ,Kobiye Destek
4895,Songül,MUĞLA,Kobiye Destek
4825,Songül,RİZE,Kobiye Destek
4627,Songül,KARS,Kobiye Destek
9791,Songül,DENİZLİ,Kobiye Destek
9563,Songül,AMASYA,Kobiye Destek
9588,Songül,ERZURUM,Kobiye Destek
9630,Songül,GİRESUN,Kobiye Destek
9485,Songül,AFYONKARAHİSAR,Kobiye Destek
9391,Songül,DÜZCE,Kobiye Destek
9018,Songül,SİVAS,Kobiye Destek
8908,Songül,GÜMÜŞHANE,Kobiye Destek
8625,Songül,ADIYAMAN,Kobiye Destek
8604,Songül,BAYBURT,Kobiye Destek
8062,Songül,GİRESUN,Kobiye Destek
7850,Songül,ELAZIĞ,Kobiye Destek
7388,Songül,SAKARYA,Kobiye Destek
1511,Sultan,MARDİN,Kobiye Destek
7567,Sultan,IĞDIR,Kobiye Destek
663,Sultan,AĞRI,Kobiye Destek
549,Sultan,MUĞLA,Kobiye Destek
471,Sultan,UŞAK,Kobiye Destek
83,Sultan,KONYA,Kobiye Destek
9897,Sultan,ORDU,Kobiye Destek
4506,Sultan,BURDUR,Kobiye Destek
4523,Sultan,ÇORUM,Kobiye Destek
4113,Sultan,NİĞDE,Kobiye Destek
3963,Sultan,TUNCELİ,Kobiye Destek
3880,Sultan,ANKARA,Kobiye Destek
3605,Sultan,NEVŞEHİR,Kobiye Destek
3661,Sultan,KAHRAMANMARAŞ,Kobiye Destek
3471,Sultan,AKSARAY,Kobiye Destek
3498,Sultan,BURDUR,Kobiye Destek
3240,Sultan,UŞAK,Kobiye Destek
2390,Sultan,KİLİS,Kobiye Destek
1884,Sultan,ŞANLIURFA,Kobiye Destek
1735,Sultan,BURSA,Kobiye Destek
7455,Sultan,ERZİNCAN,Kobiye Destek
7477,Sultan,KIRIKKALE,Kobiye Destek
7079,Sultan,GİRESUN,Kobiye Destek
7153,Sultan,SİVAS,Kobiye Destek
6225,Sultan,MUĞLA,Kobiye Destek
5345,Sultan,ÇANAKKALE,Kobiye Destek
4917,Sultan,AKSARAY,Kobiye Destek
4739,Sultan,KİLİS,Kobiye Destek
4853,Sultan,TRABZON,Kobiye Destek
9596,Sultan,UŞAK,Kobiye Destek
9462,Sultan,AKSARAY,Kobiye Destek
9472,Sultan,GÜMÜŞHANE,Kobiye Destek
9257,Sultan,ORDU,Kobiye Destek
9273,Sultan,ADANA,Kobiye Destek
9129,Sultan,KIRKLARELİ,Kobiye Destek
9061,Sultan,KİLİS,Kobiye Destek
8631,Sultan,EDİRNE,Kobiye Destek
8501,Sultan,KOCAELİ,Kobiye Destek
8326,Sultan,ELAZIĞ,Kobiye Destek
7744,Sultan,SİİRT,Kobiye Destek
7774,Sultan,BALIKESİR,Kobiye Destek
7549,Sultan,MUŞ,Kobiye Destek
960,Sultan,KÜTAHYA,Kobiye Destek
1835,Süleyman,SİİRT,Kobiye Destek
7570,Süleyman,KİLİS,Kobiye Destek
1442,Süleyman,DENİZLİ,Kobiye Destek
1260,Süleyman,KAHRAMANMARAŞ,Kobiye Destek
1104,Süleyman,DENİZLİ,Kobiye Destek
1116,Süleyman,ARTVİN,Kobiye Destek
905,Süleyman,KOCAELİ,Kobiye Destek
554,Süleyman,BİNGÖL,Kobiye Destek
567,Süleyman,NEVŞEHİR,Kobiye Destek
161,Süleyman,SİNOP,Kobiye Destek
45,Süleyman,KIRIKKALE,Kobiye Destek
158,Süleyman,MUŞ,Kobiye Destek
4443,Süleyman,BAYBURT,Kobiye Destek
4493,Süleyman,KARS,Kobiye Destek
4494,Süleyman,ÇANKIRI,Kobiye Destek
4524,Süleyman,GİRESUN,Kobiye Destek
4535,Süleyman,KIRIKKALE,Kobiye Destek
3807,Süleyman,AFYONKARAHİSAR,Kobiye Destek
3452,Süleyman,ÇORUM,Kobiye Destek
3489,Süleyman,AFYONKARAHİSAR,Kobiye Destek
3410,Süleyman,DENİZLİ,Kobiye Destek
2837,Süleyman,TEKİRDAĞ,Kobiye Destek
2572,Süleyman,KARABÜK,Kobiye Destek
2218,Süleyman,ZONGULDAK,Kobiye Destek
2084,Süleyman,BURDUR,Kobiye Destek
1942,Süleyman,NİĞDE,Kobiye Destek
7425,Süleyman,ŞANLIURFA,Kobiye Destek
7262,Süleyman,GİRESUN,Kobiye Destek
7156,Süleyman,MERSİN,Kobiye Destek
6963,Süleyman,VAN,Kobiye Destek
6996,Süleyman,SİVAS,Kobiye Destek
6812,Süleyman,ARTVİN,Kobiye Destek
6655,Süleyman,MARDİN,Kobiye Destek
6327,Süleyman,TEKİRDAĞ,Kobiye Destek
5219,Süleyman,BALIKESİR,Kobiye Destek
5313,Süleyman,ÇANKIRI,Kobiye Destek
4728,Süleyman,AMASYA,Kobiye Destek
4836,Süleyman,BİLECİK,Kobiye Destek
4382,Süleyman,KİLİS,Kobiye Destek
9406,Süleyman,MALATYA,Kobiye Destek
9497,Süleyman,DENİZLİ,Kobiye Destek
8957,Süleyman,AKSARAY,Kobiye Destek
8874,Süleyman,KOCAELİ,Kobiye Destek
8583,Süleyman,ANKARA,Kobiye Destek
8349,Süleyman,ŞANLIURFA,Kobiye Destek
8255,Süleyman,BURSA,Kobiye Destek
7909,Süleyman,NİĞDE,Kobiye Destek
1417,Süleyman,İZMİR,Kobiye Destek
9101,Tuğba,KİLİS,Kobiye Destek
212,Tuğba,EDİRNE,Kobiye Destek
8895,Tuğba,TRABZON,Kobiye Destek
8626,Tuğba,KAYSERİ,Kobiye Destek
8678,Tuğba,ÇANAKKALE,Kobiye Destek
8050,Tuğba,UŞAK,Kobiye Destek
8107,Tuğba,BATMAN,Kobiye Destek
7918,Tuğba,SAMSUN,Kobiye Destek
7085,Tuğba,GİRESUN,Kobiye Destek
7141,Tuğba,VAN,Kobiye Destek
6480,Tuğba,UŞAK,Kobiye Destek
5673,Tuğba,YALOVA,Kobiye Destek
5380,Tuğba,TUNCELİ,Kobiye Destek
5410,Tuğba,ANTALYA,Kobiye Destek
5443,Tuğba,UŞAK,Kobiye Destek
5159,Tuğba,HAKKARİ,Kobiye Destek
4699,Tuğba,UŞAK,Kobiye Destek
4843,Tuğba,ÇORUM,Kobiye Destek
3928,Tuğba,AĞRI,Kobiye Destek
3627,Tuğba,ERZİNCAN,Kobiye Destek
3317,Tuğba,HAKKARİ,Kobiye Destek
3237,Tuğba,ANKARA,Kobiye Destek
2599,Tuğba,KİLİS,Kobiye Destek
2456,Tuğba,ÇANAKKALE,Kobiye Destek
1959,Tuğba,BOLU,Kobiye Destek
1470,Tuğba,SİİRT,Kobiye Destek
481,Tuğba,AMASYA,Kobiye Destek
488,Tuğba,MERSİN,Kobiye Destek
569,Tuğba,AYDIN,Kobiye Destek
8975,Tuğba,KIRŞEHİR,Kobiye Destek
8435,Yasemin,KARAMAN,Kobiye Destek
8452,Yasemin,TRABZON,Kobiye Destek
8027,Yasemin,ÇANAKKALE,Kobiye Destek
7733,Yasemin,SAMSUN,Kobiye Destek
7809,Yasemin,ÇANAKKALE,Kobiye Destek
7396,Yasemin,MANİSA,Kobiye Destek
7471,Yasemin,TOKAT,Kobiye Destek
7508,Yasemin,TOKAT,Kobiye Destek
7219,Yasemin,ARDAHAN,Kobiye Destek
7314,Yasemin,ÇANAKKALE,Kobiye Destek
7333,Yasemin,KÜTAHYA,Kobiye Destek
7083,Yasemin,MUĞLA,Kobiye Destek
7157,Yasemin,BALIKESİR,Kobiye Destek
6638,Yasemin,KARAMAN,Kobiye Destek
6640,Yasemin,KIRKLARELİ,Kobiye Destek
2298,Yasemin,ERZİNCAN,Kobiye Destek
1567,Yasemin,BURDUR,Kobiye Destek
1668,Yasemin,GAZİANTEP,Kobiye Destek
1450,Yasemin,ERZİNCAN,Kobiye Destek
1198,Yasemin,KİLİS,Kobiye Destek
985,Yasemin,TOKAT,Kobiye Destek
1011,Yasemin,ŞIRNAK,Kobiye Destek
679,Yasemin,AĞRI,Kobiye Destek
682,Yasemin,KIRIKKALE,Kobiye Destek
610,Yasemin,VAN,Kobiye Destek
613,Yasemin,YOZGAT,Kobiye Destek
124,Yasemin,KARS,Kobiye Destek
9984,Yasemin,TOKAT,Kobiye Destek
6321,Yasemin,TEKİRDAĞ,Kobiye Destek
6399,Yasemin,BATMAN,Kobiye Destek
6021,Yasemin,BİTLİS,Kobiye Destek
5013,Yasemin,ŞANLIURFA,Kobiye Destek
4764,Yasemin,NEVŞEHİR,Kobiye Destek
4444,Yasemin,SAKARYA,Kobiye Destek
4101,Yasemin,GİRESUN,Kobiye Destek
4007,Yasemin,SİİRT,Kobiye Destek
2676,Yasemin,HATAY,Kobiye Destek
2640,Yasemin,KARS,Kobiye Destek
2356,Yasemin,AYDIN,Kobiye Destek
2357,Yasemin,MANİSA,Kobiye Destek
2395,Yasemin,KİLİS,Kobiye Destek
9720,Yasemin,MARDİN,Kobiye Destek
9627,Yasemin,ÇORUM,Kobiye Destek
9369,Yasemin,OSMANİYE,Kobiye Destek
8479,Yasemin,BALIKESİR,Kobiye Destek
8499,Yasemin,GİRESUN,Kobiye Destek
8312,Yasin,BAYBURT,Kobiye Destek
8460,Yasin,BİNGÖL,Kobiye Destek
8409,Yasin,HAKKARİ,Kobiye Destek
7897,Yasin,BATMAN,Kobiye Destek
7552,Yasin,ESKİŞEHİR,Kobiye Destek
7604,Yasin,ARTVİN,Kobiye Destek
7370,Yasin,MANİSA,Kobiye Destek
7228,Yasin,KOCAELİ,Kobiye Destek
7274,Yasin,ÇANKIRI,Kobiye Destek
7018,Yasin,KIRIKKALE,Kobiye Destek
2272,Yasin,SİNOP,Kobiye Destek
2150,Yasin,SAKARYA,Kobiye Destek
1994,Yasin,ARTVİN,Kobiye Destek
1740,Yasin,ANTALYA,Kobiye Destek
1575,Yasin,BİLECİK,Kobiye Destek
1711,Yasin,MUĞLA,Kobiye Destek
1125,Yasin,BİTLİS,Kobiye Destek
1046,Yasin,HAKKARİ,Kobiye Destek
908,Yasin,OSMANİYE,Kobiye Destek
579,Yasin,SAMSUN,Kobiye Destek
9870,Yasin,BURSA,Kobiye Destek
9880,Yasin,DÜZCE,Kobiye Destek
9920,Yasin,ANTALYA,Kobiye Destek
9923,Yasin,TEKİRDAĞ,Kobiye Destek
9964,Yasin,ESKİŞEHİR,Kobiye Destek
6719,Yasin,BALIKESİR,Kobiye Destek
6496,Yasin,DİYARBAKIR,Kobiye Destek
6365,Yasin,SİİRT,Kobiye Destek
5993,Yasin,ARDAHAN,Kobiye Destek
5770,Yasin,MALATYA,Kobiye Destek
5296,Yasin,ÇORUM,Kobiye Destek
4604,Yasin,DÜZCE,Kobiye Destek
4251,Yasin,BURDUR,Kobiye Destek
4252,Yasin,ARTVİN,Kobiye Destek
3766,Yasin,SAMSUN,Kobiye Destek
3732,Yasin,ŞANLIURFA,Kobiye Destek
9820,Yasin,RİZE,Kobiye Destek
9106,Yasin,TOKAT,Kobiye Destek
9154,Yasin,HAKKARİ,Kobiye Destek
9197,Yasin,İSTANBUL,Kobiye Destek
8999,Yasin,KARABÜK,Kobiye Destek
8647,Yasin,ORDU,Kobiye Destek
8372,Yasin,ARDAHAN,Kobiye Destek
2454,Yağmur,ELAZIĞ,Kobiye Destek
2469,Yağmur,GAZİANTEP,Kobiye Destek
2235,Yağmur,ADANA,Kobiye Destek
2247,Yağmur,AYDIN,Kobiye Destek
2113,Yağmur,IĞDIR,Kobiye Destek
1975,Yağmur,KIRŞEHİR,Kobiye Destek
1314,Yağmur,GİRESUN,Kobiye Destek
1197,Yağmur,BOLU,Kobiye Destek
1017,Yağmur,KARAMAN,Kobiye Destek
1022,Yağmur,DENİZLİ,Kobiye Destek
1089,Yağmur,AKSARAY,Kobiye Destek
1096,Yağmur,ŞIRNAK,Kobiye Destek
705,Yağmur,KARAMAN,Kobiye Destek
750,Yağmur,ÇORUM,Kobiye Destek
513,Yağmur,TUNCELİ,Kobiye Destek
570,Yağmur,YALOVA,Kobiye Destek
324,Yağmur,VAN,Kobiye Destek
6019,Yağmur,YALOVA,Kobiye Destek
5761,Yağmur,HAKKARİ,Kobiye Destek
5764,Yağmur,TUNCELİ,Kobiye Destek
5383,Yağmur,BOLU,Kobiye Destek
5213,Yağmur,MUĞLA,Kobiye Destek
5032,Yağmur,BİTLİS,Kobiye Destek
5058,Yağmur,BURDUR,Kobiye Destek
5090,Yağmur,SAMSUN,Kobiye Destek
4930,Yağmur,DİYARBAKIR,Kobiye Destek
4952,Yağmur,GAZİANTEP,Kobiye Destek
4959,Yağmur,YOZGAT,Kobiye Destek
4507,Yağmur,YALOVA,Kobiye Destek
4132,Yağmur,BARTIN,Kobiye Destek
4133,Yağmur,KOCAELİ,Kobiye Destek
4204,Yağmur,MERSİN,Kobiye Destek
3929,Yağmur,ARDAHAN,Kobiye Destek
3851,Yağmur,ERZİNCAN,Kobiye Destek
3521,Yağmur,İZMİR,Kobiye Destek
3168,Yağmur,ADANA,Kobiye Destek
3018,Yağmur,IĞDIR,Kobiye Destek
2701,Yağmur,EDİRNE,Kobiye Destek
2810,Yağmur,ISPARTA,Kobiye Destek
9816,Yağmur,ŞIRNAK,Kobiye Destek
9621,Yağmur,MUĞLA,Kobiye Destek
9637,Yağmur,ÇORUM,Kobiye Destek
9703,Yağmur,MALATYA,Kobiye Destek
9348,Yağmur,ÇANAKKALE,Kobiye Destek
9133,Yağmur,TEKİRDAĞ,Kobiye Destek
8717,Yağmur,ESKİŞEHİR,Kobiye Destek
8207,Yağmur,BALIKESİR,Kobiye Destek
8294,Yağmur,MUĞLA,Kobiye Destek
7856,Yağmur,MARDİN,Kobiye Destek
7707,Yağmur,MANİSA,Kobiye Destek
7756,Yağmur,YOZGAT,Kobiye Destek
7241,Yağmur,ARDAHAN,Kobiye Destek
7252,Yağmur,AĞRI,Kobiye Destek
7044,Yağmur,GİRESUN,Kobiye Destek
2413,Yusuf,BURSA,Kobiye Destek
6579,Yusuf,AĞRI,Kobiye Destek
2080,Yusuf,TRABZON,Kobiye Destek
898,Yusuf,ERZİNCAN,Kobiye Destek
770,Yusuf,KONYA,Kobiye Destek
355,Yusuf,ERZİNCAN,Kobiye Destek
466,Yusuf,BURSA,Kobiye Destek
183,Yusuf,KARAMAN,Kobiye Destek
185,Yusuf,AĞRI,Kobiye Destek
6194,Yusuf,MUĞLA,Kobiye Destek
6197,Yusuf,ŞANLIURFA,Kobiye Destek
5306,Yusuf,KİLİS,Kobiye Destek
5063,Yusuf,KIRIKKALE,Kobiye Destek
5146,Yusuf,NEVŞEHİR,Kobiye Destek
4945,Yusuf,NİĞDE,Kobiye Destek
4983,Yusuf,EDİRNE,Kobiye Destek
4473,Yusuf,NEVŞEHİR,Kobiye Destek
4177,Yusuf,VAN,Kobiye Destek
4201,Yusuf,MUŞ,Kobiye Destek
3912,Yusuf,ELAZIĞ,Kobiye Destek
3966,Yusuf,SİVAS,Kobiye Destek
3827,Yusuf,ESKİŞEHİR,Kobiye Destek
3737,Yusuf,ESKİŞEHİR,Kobiye Destek
2894,Yusuf,ESKİŞEHİR,Kobiye Destek
2692,Yusuf,KARABÜK,Kobiye Destek
2705,Yusuf,DENİZLİ,Kobiye Destek
2563,Yusuf,ADIYAMAN,Kobiye Destek
9753,Yusuf,TRABZON,Kobiye Destek
9617,Yusuf,ŞANLIURFA,Kobiye Destek
8333,Yusuf,BARTIN,Kobiye Destek
8164,Yusuf,SİNOP,Kobiye Destek
8172,Yusuf,ERZİNCAN,Kobiye Destek
8060,Yusuf,ELAZIĞ,Kobiye Destek
8089,Yusuf,TEKİRDAĞ,Kobiye Destek
7870,Yusuf,MARDİN,Kobiye Destek
7931,Yusuf,ISPARTA,Kobiye Destek
7640,Yusuf,NEVŞEHİR,Kobiye Destek
7151,Yusuf,KÜTAHYA,Kobiye Destek
2323,Yusuf,BOLU,Kobiye Destek
2375,Zehra,BALIKESİR,Kobiye Destek
2457,Zehra,MANİSA,Kobiye Destek
1659,Zehra,TOKAT,Kobiye Destek
1449,Zehra,KARAMAN,Kobiye Destek
1455,Zehra,ÇORUM,Kobiye Destek
1484,Zehra,ÇANAKKALE,Kobiye Destek
1358,Zehra,YALOVA,Kobiye Destek
1233,Zehra,TEKİRDAĞ,Kobiye Destek
1235,Zehra,SAMSUN,Kobiye Destek
826,Zehra,EDİRNE,Kobiye Destek
81,Zehra,GİRESUN,Kobiye Destek
127,Zehra,ŞANLIURFA,Kobiye Destek
9552,Zehra,KAYSERİ,Kobiye Destek
9370,Zehra,KASTAMONU,Kobiye Destek
9390,Zehra,KİLİS,Kobiye Destek
9168,Zehra,IĞDIR,Kobiye Destek
8981,Zehra,MARDİN,Kobiye Destek
9013,Zehra,KIRŞEHİR,Kobiye Destek
8652,Zehra,SİNOP,Kobiye Destek
8560,Zehra,HATAY,Kobiye Destek
8348,Zehra,KARAMAN,Kobiye Destek
8285,Zehra,KİLİS,Kobiye Destek
8005,Zehra,RİZE,Kobiye Destek
7600,Zehra,TOKAT,Kobiye Destek
7643,Zehra,ANKARA,Kobiye Destek
7332,Zehra,NİĞDE,Kobiye Destek
6820,Zehra,BATMAN,Kobiye Destek
6857,Zehra,DÜZCE,Kobiye Destek
6486,Zehra,ARDAHAN,Kobiye Destek
6530,Zehra,NİĞDE,Kobiye Destek
6569,Zehra,ADIYAMAN,Kobiye Destek
6370,Zehra,KASTAMONU,Kobiye Destek
6082,Zehra,GAZİANTEP,Kobiye Destek
5674,Zehra,ANTALYA,Kobiye Destek
5695,Zehra,ANTALYA,Kobiye Destek
5498,Zehra,SİİRT,Kobiye Destek
5554,Zehra,BURDUR,Kobiye Destek
5608,Zehra,KARABÜK,Kobiye Destek
5049,Zehra,BİNGÖL,Kobiye Destek
5121,Zehra,NEVŞEHİR,Kobiye Destek
5125,Zehra,BALIKESİR,Kobiye Destek
4769,Zehra,KIRIKKALE,Kobiye Destek
4014,Zehra,OSMANİYE,Kobiye Destek
3893,Zehra,KIRIKKALE,Kobiye Destek
3513,Zehra,YALOVA,Kobiye Destek
3203,Zehra,TEKİRDAĞ,Kobiye Destek
2879,Zehra,MANİSA,Kobiye Destek
2512,Zehra,HAKKARİ,Kobiye Destek
2392,Zeynep,UŞAK,Kobiye Destek
2811,Zeynep,BALIKESİR,Kobiye Destek
1593,Zeynep,KAYSERİ,Kobiye Destek
1646,Zeynep,HAKKARİ,Kobiye Destek
1557,Zeynep,NEVŞEHİR,Kobiye Destek
1307,Zeynep,ISPARTA,Kobiye Destek
1376,Zeynep,MARDİN,Kobiye Destek
891,Zeynep,UŞAK,Kobiye Destek
649,Zeynep,ARDAHAN,Kobiye Destek
691,Zeynep,KARS,Kobiye Destek
506,Zeynep,ORDU,Kobiye Destek
9203,Zeynep,KONYA,Kobiye Destek
9025,Zeynep,ISPARTA,Kobiye Destek
9054,Zeynep,KİLİS,Kobiye Destek
8802,Zeynep,GİRESUN,Kobiye Destek
8814,Zeynep,KONYA,Kobiye Destek
8828,Zeynep,AMASYA,Kobiye Destek
8881,Zeynep,MUŞ,Kobiye Destek
8505,Zeynep,MUĞLA,Kobiye Destek
8041,Zeynep,MANİSA,Kobiye Destek
7420,Zeynep,BURDUR,Kobiye Destek
7424,Zeynep,IĞDIR,Kobiye Destek
7249,Zeynep,KONYA,Kobiye Destek
7299,Zeynep,ISPARTA,Kobiye Destek
6592,Zeynep,KARAMAN,Kobiye Destek
6356,Zeynep,ŞIRNAK,Kobiye Destek
6411,Zeynep,MARDİN,Kobiye Destek
6042,Zeynep,YALOVA,Kobiye Destek
5734,Zeynep,KOCAELİ,Kobiye Destek
5284,Zeynep,İZMİR,Kobiye Destek
5019,Zeynep,MALATYA,Kobiye Destek
4978,Zeynep,GAZİANTEP,Kobiye Destek
4426,Zeynep,MUŞ,Kobiye Destek
3759,Zeynep,NİĞDE,Kobiye Destek
3157,Zeynep,IĞDIR,Kobiye Destek
2862,Zeynep,KONYA,Kobiye Destek
2660,Zeynep,BURDUR,Kobiye Destek
2682,Zeynep,KAYSERİ,Kobiye Destek
2426,Zeynep,ADIYAMAN,Kobiye Destek
1747,Ömer,ŞIRNAK,Kobiye Destek
2191,Ömer,GİRESUN,Kobiye Destek
1349,Ömer,TOKAT,Kobiye Destek
201,Ömer,EDİRNE,Kobiye Destek
9237,Ömer,ZONGULDAK,Kobiye Destek
9023,Ömer,KAHRAMANMARAŞ,Kobiye Destek
8590,Ömer,ERZİNCAN,Kobiye Destek
8368,Ömer,SİNOP,Kobiye Destek
8432,Ömer,TRABZON,Kobiye Destek
8295,Ömer,AFYONKARAHİSAR,Kobiye Destek
8297,Ömer,ARDAHAN,Kobiye Destek
7575,Ömer,AYDIN,Kobiye Destek
7023,Ömer,ŞIRNAK,Kobiye Destek
6748,Ömer,KARAMAN,Kobiye Destek
6367,Ömer,SAKARYA,Kobiye Destek
6231,Ömer,ERZURUM,Kobiye Destek
5995,Ömer,BATMAN,Kobiye Destek
5814,Ömer,ARDAHAN,Kobiye Destek
5852,Ömer,KONYA,Kobiye Destek
5659,Ömer,BARTIN,Kobiye Destek
5510,Ömer,DÜZCE,Kobiye Destek
5176,Ömer,YALOVA,Kobiye Destek
5299,Ömer,DÜZCE,Kobiye Destek
5070,Ömer,RİZE,Kobiye Destek
5145,Ömer,ŞANLIURFA,Kobiye Destek
4875,Ömer,MANİSA,Kobiye Destek
3630,Ömer,ARTVİN,Kobiye Destek
3464,Ömer,AĞRI,Kobiye Destek
2975,Ömer,NİĞDE,Kobiye Destek
2878,Ömer,ŞANLIURFA,Kobiye Destek
2941,Ömer,İSTANBUL,Kobiye Destek
2589,Ömer,SİNOP,Kobiye Destek
1720,Ömer,AĞRI,Kobiye Destek
1515,Özlem,BİNGÖL,Kobiye Destek
1219,Özlem,TUNCELİ,Kobiye Destek
887,Özlem,SAKARYA,Kobiye Destek
936,Özlem,BİNGÖL,Kobiye Destek
701,Özlem,ADIYAMAN,Kobiye Destek
476,Özlem,ARDAHAN,Kobiye Destek
35,Özlem,EDİRNE,Kobiye Destek
92,Özlem,ARTVİN,Kobiye Destek
9998,Özlem,KIRKLARELİ,Kobiye Destek
9742,Özlem,HAKKARİ,Kobiye Destek
9653,Özlem,KARABÜK,Kobiye Destek
9674,Özlem,BOLU,Kobiye Destek
9532,Özlem,RİZE,Kobiye Destek
9363,Özlem,GÜMÜŞHANE,Kobiye Destek
9384,Özlem,GİRESUN,Kobiye Destek
9079,Özlem,BURSA,Kobiye Destek
8710,Özlem,DİYARBAKIR,Kobiye Destek
8183,Özlem,BATMAN,Kobiye Destek
8091,Özlem,TEKİRDAĞ,Kobiye Destek
7783,Özlem,ÇANKIRI,Kobiye Destek
7639,Özlem,ORDU,Kobiye Destek
7223,Özlem,GÜMÜŞHANE,Kobiye Destek
6844,Özlem,YOZGAT,Kobiye Destek
6581,Özlem,ANKARA,Kobiye Destek
6683,Özlem,KOCAELİ,Kobiye Destek
6139,Özlem,RİZE,Kobiye Destek
6184,Özlem,KARAMAN,Kobiye Destek
5739,Özlem,MUŞ,Kobiye Destek
5776,Özlem,SİVAS,Kobiye Destek
5367,Özlem,UŞAK,Kobiye Destek
5291,Özlem,ÇORUM,Kobiye Destek
4939,Özlem,KAHRAMANMARAŞ,Kobiye Destek
4992,Özlem,BİLECİK,Kobiye Destek
4574,Özlem,AFYONKARAHİSAR,Kobiye Destek
4235,Özlem,ANKARA,Kobiye Destek
4345,Özlem,RİZE,Kobiye Destek
4082,Özlem,İZMİR,Kobiye Destek
3579,Özlem,SAMSUN,Kobiye Destek
2845,Özlem,YALOVA,Kobiye Destek
2873,Özlem,KIRIKKALE,Kobiye Destek
2724,Özlem,GÜMÜŞHANE,Kobiye Destek
2206,Özlem,BARTIN,Kobiye Destek
2279,Özlem,ANKARA,Kobiye Destek
1970,Özlem,RİZE,Kobiye Destek
9744,İbrahim,KIRKLARELİ,Kobiye Destek
9865,İbrahim,AMASYA,Kobiye Destek
9867,İbrahim,MUĞLA,Kobiye Destek
720,İbrahim,MUĞLA,Kobiye Destek
1170,İbrahim,ERZİNCAN,Kobiye Destek
1107,İbrahim,KONYA,Kobiye Destek
1350,İbrahim,BALIKESİR,Kobiye Destek
1262,İbrahim,KASTAMONU,Kobiye Destek
2997,İbrahim,ÇANKIRI,Kobiye Destek
3405,İbrahim,BARTIN,Kobiye Destek
3346,İbrahim,NEVŞEHİR,Kobiye Destek
4061,İbrahim,GÜMÜŞHANE,Kobiye Destek
4181,İbrahim,MALATYA,Kobiye Destek
4596,İbrahim,BURDUR,Kobiye Destek
4553,İbrahim,YOZGAT,Kobiye Destek
5187,İbrahim,MARDİN,Kobiye Destek
5370,İbrahim,DİYARBAKIR,Kobiye Destek
5538,İbrahim,YALOVA,Kobiye Destek
6037,İbrahim,KIRKLARELİ,Kobiye Destek
6364,İbrahim,ERZURUM,Kobiye Destek
6490,İbrahim,ERZİNCAN,Kobiye Destek
7340,İbrahim,VAN,Kobiye Destek
8420,İbrahim,ÇANAKKALE,Kobiye Destek
8621,İbrahim,BALIKESİR,Kobiye Destek
8827,İbrahim,BARTIN,Kobiye Destek
9547,İbrahim,DİYARBAKIR,Kobiye Destek
9429,İbrahim,ISPARTA,Kobiye Destek
2924,İsmail,ZONGULDAK,Kobiye Destek
9951,İsmail,ŞANLIURFA,Kobiye Destek
1398,İsmail,BALIKESİR,Kobiye Destek
4703,İsmail,TRABZON,Kobiye Destek
5087,İsmail,TUNCELİ,Kobiye Destek
5256,İsmail,TOKAT,Kobiye Destek
3192,İsmail,MANİSA,Kobiye Destek
5450,İsmail,BOLU,Kobiye Destek
530,İsmail,ANTALYA,Kobiye Destek
5357,İsmail,KARS,Kobiye Destek
3401,İsmail,KONYA,Kobiye Destek
5482,İsmail,BOLU,Kobiye Destek
368,İsmail,BİTLİS,Kobiye Destek
3443,İsmail,BATMAN,Kobiye Destek
6332,İsmail,İZMİR,Kobiye Destek
3619,İsmail,ERZURUM,Kobiye Destek
6928,İsmail,AĞRI,Kobiye Destek
6915,İsmail,İSTANBUL,Kobiye Destek
3618,İsmail,ERZURUM,Kobiye Destek
7277,İsmail,AKSARAY,Kobiye Destek
7236,İsmail,HAKKARİ,Kobiye Destek
1586,İsmail,OSMANİYE,Kobiye Destek
3958,İsmail,AKSARAY,Kobiye Destek
2433,İsmail,TOKAT,Kobiye Destek
8987,İsmail,BAYBURT,Kobiye Destek
4237,İsmail,GAZİANTEP,Kobiye Destek
4451,İsmail,AĞRI,Kobiye Destek
4398,İsmail,SİVAS,Kobiye Destek
