"CUSTOMER_ID","NAME","TARIFF_NAME","PAYMENT_STATUS","MONTHLY_FEE"
619,Ahmet,Kurumsal SMS,UNPAID,1000
346,Metin,Kurumsal SMS,UNPAID,1000
353,Ayşe,Kurumsal SMS,UNPAID,1000
421,Emine,Kurumsal SMS,UNPAID,1000
460,Hacer,Kurumsal SMS,UNPAID,1000
206,Rabia,Kurumsal SMS,UNPAID,1000
278,Ali,Kurumsal SMS,UNPAID,1000
19,Enes,Kurumsal SMS,UNPAID,1000
22,Rabia,Kurumsal SMS,UNPAID,1000
48,Yusuf,Kurumsal SMS,UNPAID,1000
143,Ayşe,Kurumsal SMS,UNPAID,1000
9871,Adem,Kurumsal SMS,UNPAID,1000
9876,İbrahim,Kurumsal SMS,UNPAID,1000
9883,Kadir,Kurumsal SMS,UNPAID,1000
9942,Enes,Kurumsal SMS,UNPAID,1000
9966,Yasin,Kurumsal SMS,UNPAID,1000
9975,Fatih,Kurumsal SMS,UNPAID,1000
9977,Fadime,Kurumsal SMS,UNPAID,1000
9981,Yağmur,Kurumsal SMS,UNPAID,1000
1804,Yağmur,Kurumsal SMS,UNPAID,1000
1805,Hakan,Kurumsal SMS,UNPAID,1000
1849,Hacer,Kurumsal SMS,UNPAID,1000
1852,İsmail,Kurumsal SMS,UNPAID,1000
1877,Hakan,Kurumsal SMS,UNPAID,1000
1574,Abdullah,Kurumsal SMS,UNPAID,1000
1622,Murat,Kurumsal SMS,UNPAID,1000
1631,Süleyman,Kurumsal SMS,UNPAID,1000
1638,Emine,Kurumsal SMS,UNPAID,1000
1649,Yusuf,Kurumsal SMS,UNPAID,1000
1651,Leyla,Kurumsal SMS,UNPAID,1000
1693,Ali,Kurumsal SMS,UNPAID,1000
1704,Yasin,Kurumsal SMS,UNPAID,1000
1706,Hatice,Kurumsal SMS,UNPAID,1000
1421,Ahmet,Kurumsal SMS,UNPAID,1000
1502,İsmail,Kurumsal SMS,UNPAID,1000
1516,Osman,Kurumsal SMS,UNPAID,1000
1521,Mahmut,Kurumsal SMS,UNPAID,1000
1556,Fatih,Kurumsal SMS,UNPAID,1000
1558,Mustafa,Kurumsal SMS,UNPAID,1000
1559,Hülya,Kurumsal SMS,UNPAID,1000
1562,Dilek,Kurumsal SMS,UNPAID,1000
1254,Ramazan,Kurumsal SMS,UNPAID,1000
1272,Abdullah,Kurumsal SMS,UNPAID,1000
1288,Melek,Kurumsal SMS,UNPAID,1000
1304,Zehra,Kurumsal SMS,UNPAID,1000
1305,Osman,Kurumsal SMS,UNPAID,1000
1356,Hakan,Kurumsal SMS,UNPAID,1000
1393,Fatma,Kurumsal SMS,UNPAID,1000
1114,Aynur,Kurumsal SMS,UNPAID,1000
1121,Mustafa,Kurumsal SMS,UNPAID,1000
1143,Muhammed,Kurumsal SMS,UNPAID,1000
1168,Zeynep,Kurumsal SMS,UNPAID,1000
1200,Sevim,Kurumsal SMS,UNPAID,1000
1206,Ayşe,Kurumsal SMS,UNPAID,1000
966,Fadime,Kurumsal SMS,UNPAID,1000
1003,Fadime,Kurumsal SMS,UNPAID,1000
1042,Ahmet,Kurumsal SMS,UNPAID,1000
1044,Hakan,Kurumsal SMS,UNPAID,1000
795,Adem,Kurumsal SMS,UNPAID,1000
824,Mustafa,Kurumsal SMS,UNPAID,1000
840,Emine,Kurumsal SMS,UNPAID,1000
861,Zeynep,Kurumsal SMS,UNPAID,1000
892,Aysel,Kurumsal SMS,UNPAID,1000
914,Ali,Kurumsal SMS,UNPAID,1000
924,Fatih,Kurumsal SMS,UNPAID,1000
628,Dilek,Kurumsal SMS,UNPAID,1000
647,Ayşegül,Kurumsal SMS,UNPAID,1000
650,Hacer,Kurumsal SMS,UNPAID,1000
672,Hasan,Kurumsal SMS,UNPAID,1000
674,Havva,Kurumsal SMS,UNPAID,1000
721,Sevim,Kurumsal SMS,UNPAID,1000
742,Merve,Kurumsal SMS,UNPAID,1000
753,Halil,Kurumsal SMS,UNPAID,1000
756,Hülya,Kurumsal SMS,UNPAID,1000
758,Leyla,Kurumsal SMS,UNPAID,1000
771,Emre,Kurumsal SMS,UNPAID,1000
781,Murat,Kurumsal SMS,UNPAID,1000
486,Fatih,Kurumsal SMS,UNPAID,1000
491,Meryem,Kurumsal SMS,UNPAID,1000
557,Ahmet,Kurumsal SMS,UNPAID,1000
558,İbrahim,Kurumsal SMS,UNPAID,1000
588,Mustafa,Kurumsal SMS,UNPAID,1000
600,Murat,Kurumsal SMS,UNPAID,1000
3438,Melek,Kurumsal SMS,UNPAID,1000
3147,Esra,Kurumsal SMS,UNPAID,1000
3175,Dilek,Kurumsal SMS,UNPAID,1000
3205,Rabia,Kurumsal SMS,UNPAID,1000
3209,Fadime,Kurumsal SMS,UNPAID,1000
3283,Yasin,Kurumsal SMS,UNPAID,1000
2993,Ayşe,Kurumsal SMS,UNPAID,1000
3016,Yağmur,Kurumsal SMS,UNPAID,1000
3019,Abdullah,Kurumsal SMS,UNPAID,1000
3021,Mustafa,Kurumsal SMS,UNPAID,1000
3083,Aysel,Kurumsal SMS,UNPAID,1000
3114,Kübra,Kurumsal SMS,UNPAID,1000
3122,Emre,Kurumsal SMS,UNPAID,1000
2836,Süleyman,Kurumsal SMS,UNPAID,1000
2850,Leyla,Kurumsal SMS,UNPAID,1000
2872,Meryem,Kurumsal SMS,UNPAID,1000
2889,Yusuf,Kurumsal SMS,UNPAID,1000
2890,Havva,Kurumsal SMS,UNPAID,1000
2906,Özlem,Kurumsal SMS,UNPAID,1000
2932,Adem,Kurumsal SMS,UNPAID,1000
2937,Fatih,Kurumsal SMS,UNPAID,1000
2965,Zehra,Kurumsal SMS,UNPAID,1000
2670,Mehmet,Kurumsal SMS,UNPAID,1000
2673,Recep,Kurumsal SMS,UNPAID,1000
2712,Hülya,Kurumsal SMS,UNPAID,1000
2757,Zehra,Kurumsal SMS,UNPAID,1000
2762,Sevim,Kurumsal SMS,UNPAID,1000
2510,Fatih,Kurumsal SMS,UNPAID,1000
2534,Esra,Kurumsal SMS,UNPAID,1000
2561,Sevim,Kurumsal SMS,UNPAID,1000
2605,Mehmet,Kurumsal SMS,UNPAID,1000
2627,Emre,Kurumsal SMS,UNPAID,1000
2633,Mahmut,Kurumsal SMS,UNPAID,1000
2642,Ali,Kurumsal SMS,UNPAID,1000
2656,Esra,Kurumsal SMS,UNPAID,1000
2365,Süleyman,Kurumsal SMS,UNPAID,1000
2369,Ayşegül,Kurumsal SMS,UNPAID,1000
2370,Büşra,Kurumsal SMS,UNPAID,1000
2386,Merve,Kurumsal SMS,UNPAID,1000
2461,Büşra,Kurumsal SMS,UNPAID,1000
2193,Fatih,Kurumsal SMS,UNPAID,1000
2251,Kübra,Kurumsal SMS,UNPAID,1000
2267,Osman,Kurumsal SMS,UNPAID,1000
2304,Recep,Kurumsal SMS,UNPAID,1000
2305,Süleyman,Kurumsal SMS,UNPAID,1000
2307,Serkan,Kurumsal SMS,UNPAID,1000
2320,Fadime,Kurumsal SMS,UNPAID,1000
2043,Kübra,Kurumsal SMS,UNPAID,1000
2048,Serkan,Kurumsal SMS,UNPAID,1000
2049,Aysel,Kurumsal SMS,UNPAID,1000
2064,Merve,Kurumsal SMS,UNPAID,1000
2112,Meryem,Kurumsal SMS,UNPAID,1000
2118,Yasemin,Kurumsal SMS,UNPAID,1000
2167,Fatih,Kurumsal SMS,UNPAID,1000
2177,Zehra,Kurumsal SMS,UNPAID,1000
1882,Aynur,Kurumsal SMS,UNPAID,1000
1933,Dilek,Kurumsal SMS,UNPAID,1000
1943,Fadime,Kurumsal SMS,UNPAID,1000
2007,Osman,Kurumsal SMS,UNPAID,1000
2016,Hakan,Kurumsal SMS,UNPAID,1000
2017,Sultan,Kurumsal SMS,UNPAID,1000
2020,Tuğba,Kurumsal SMS,UNPAID,1000
2021,İbrahim,Kurumsal SMS,UNPAID,1000
1762,Elif,Kurumsal SMS,UNPAID,1000
4718,Havva,Kurumsal SMS,UNPAID,1000
4733,Osman,Kurumsal SMS,UNPAID,1000
4734,Mustafa,Kurumsal SMS,UNPAID,1000
4748,İsmail,Kurumsal SMS,UNPAID,1000
4752,Yağmur,Kurumsal SMS,UNPAID,1000
4757,Elif,Kurumsal SMS,UNPAID,1000
4771,Abdullah,Kurumsal SMS,UNPAID,1000
4779,Büşra,Kurumsal SMS,UNPAID,1000
4800,Süleyman,Kurumsal SMS,UNPAID,1000
4817,Büşra,Kurumsal SMS,UNPAID,1000
4830,Ömer,Kurumsal SMS,UNPAID,1000
4850,Hülya,Kurumsal SMS,UNPAID,1000
4558,Merve,Kurumsal SMS,UNPAID,1000
4602,Yasin,Kurumsal SMS,UNPAID,1000
4678,Melek,Kurumsal SMS,UNPAID,1000
4429,Sultan,Kurumsal SMS,UNPAID,1000
4491,Emre,Kurumsal SMS,UNPAID,1000
4520,Zehra,Kurumsal SMS,UNPAID,1000
4532,Fatma,Kurumsal SMS,UNPAID,1000
4247,Fatih,Kurumsal SMS,UNPAID,1000
4268,Ayşe,Kurumsal SMS,UNPAID,1000
4294,Süleyman,Kurumsal SMS,UNPAID,1000
4302,Serkan,Kurumsal SMS,UNPAID,1000
4334,Yasemin,Kurumsal SMS,UNPAID,1000
4373,Elif,Kurumsal SMS,UNPAID,1000
4068,Kübra,Kurumsal SMS,UNPAID,1000
4099,Ahmet,Kurumsal SMS,UNPAID,1000
4143,Yağmur,Kurumsal SMS,UNPAID,1000
4155,Büşra,Kurumsal SMS,UNPAID,1000
4158,Hülya,Kurumsal SMS,UNPAID,1000
4166,Muhammed,Kurumsal SMS,UNPAID,1000
4171,Süleyman,Kurumsal SMS,UNPAID,1000
4184,Ayşe,Kurumsal SMS,UNPAID,1000
3927,Burak,Kurumsal SMS,UNPAID,1000
3947,Adem,Kurumsal SMS,UNPAID,1000
3957,Emine,Kurumsal SMS,UNPAID,1000
3987,Dilek,Kurumsal SMS,UNPAID,1000
4000,Meryem,Kurumsal SMS,UNPAID,1000
4038,Kadir,Kurumsal SMS,UNPAID,1000
4043,Dilek,Kurumsal SMS,UNPAID,1000
4063,Recep,Kurumsal SMS,UNPAID,1000
4065,Mustafa,Kurumsal SMS,UNPAID,1000
3782,Ramazan,Kurumsal SMS,UNPAID,1000
3785,Zehra,Kurumsal SMS,UNPAID,1000
3821,Serkan,Kurumsal SMS,UNPAID,1000
3845,Kübra,Kurumsal SMS,UNPAID,1000
3907,Tuğba,Kurumsal SMS,UNPAID,1000
3697,Emre,Kurumsal SMS,UNPAID,1000
3706,Adem,Kurumsal SMS,UNPAID,1000
3750,Zeynep,Kurumsal SMS,UNPAID,1000
3496,Songül,Kurumsal SMS,UNPAID,1000
3563,Murat,Kurumsal SMS,UNPAID,1000
3578,Ömer,Kurumsal SMS,UNPAID,1000
3581,Adem,Kurumsal SMS,UNPAID,1000
3592,Fadime,Kurumsal SMS,UNPAID,1000
3285,İbrahim,Kurumsal SMS,UNPAID,1000
3291,Metin,Kurumsal SMS,UNPAID,1000
3308,Adem,Kurumsal SMS,UNPAID,1000
3334,Sultan,Kurumsal SMS,UNPAID,1000
3336,Süleyman,Kurumsal SMS,UNPAID,1000
3353,Süleyman,Kurumsal SMS,UNPAID,1000
3419,Leyla,Kurumsal SMS,UNPAID,1000
3431,Fadime,Kurumsal SMS,UNPAID,1000
3433,Zehra,Kurumsal SMS,UNPAID,1000
6697,Osman,Kurumsal SMS,UNPAID,1000
6450,Ayşe,Kurumsal SMS,UNPAID,1000
6464,Aysel,Kurumsal SMS,UNPAID,1000
6471,Zehra,Kurumsal SMS,UNPAID,1000
6488,Sultan,Kurumsal SMS,UNPAID,1000
6527,Osman,Kurumsal SMS,UNPAID,1000
6270,Hülya,Kurumsal SMS,UNPAID,1000
6283,Ali,Kurumsal SMS,UNPAID,1000
6285,Songül,Kurumsal SMS,UNPAID,1000
6318,Hasan,Kurumsal SMS,UNPAID,1000
6378,Sultan,Kurumsal SMS,UNPAID,1000
6151,Muhammed,Kurumsal SMS,UNPAID,1000
6168,Fatih,Kurumsal SMS,UNPAID,1000
6169,Fatma,Kurumsal SMS,UNPAID,1000
6191,İsmail,Kurumsal SMS,UNPAID,1000
6200,Büşra,Kurumsal SMS,UNPAID,1000
6214,Yağmur,Kurumsal SMS,UNPAID,1000
5985,Esra,Kurumsal SMS,UNPAID,1000
6000,Fatih,Kurumsal SMS,UNPAID,1000
6001,Özlem,Kurumsal SMS,UNPAID,1000
6063,Kübra,Kurumsal SMS,UNPAID,1000
6075,Emine,Kurumsal SMS,UNPAID,1000
6089,Aynur,Kurumsal SMS,UNPAID,1000
6107,Tuğba,Kurumsal SMS,UNPAID,1000
5800,Ömer,Kurumsal SMS,UNPAID,1000
5825,Hacer,Kurumsal SMS,UNPAID,1000
5848,Özlem,Kurumsal SMS,UNPAID,1000
5889,Kadir,Kurumsal SMS,UNPAID,1000
5894,Kadir,Kurumsal SMS,UNPAID,1000
5946,Ömer,Kurumsal SMS,UNPAID,1000
5692,Aynur,Kurumsal SMS,UNPAID,1000
5723,Hasan,Kurumsal SMS,UNPAID,1000
5740,Tuğba,Kurumsal SMS,UNPAID,1000
5499,Büşra,Kurumsal SMS,UNPAID,1000
5501,Ayşegül,Kurumsal SMS,UNPAID,1000
5556,Süleyman,Kurumsal SMS,UNPAID,1000
5578,Yasemin,Kurumsal SMS,UNPAID,1000
5591,Melek,Kurumsal SMS,UNPAID,1000
5604,Fatih,Kurumsal SMS,UNPAID,1000
5617,Yasin,Kurumsal SMS,UNPAID,1000
5339,Adem,Kurumsal SMS,UNPAID,1000
5343,Emre,Kurumsal SMS,UNPAID,1000
5366,Ayşegül,Kurumsal SMS,UNPAID,1000
5386,Melek,Kurumsal SMS,UNPAID,1000
5394,Büşra,Kurumsal SMS,UNPAID,1000
5403,Rabia,Kurumsal SMS,UNPAID,1000
5442,Adem,Kurumsal SMS,UNPAID,1000
5171,Dilek,Kurumsal SMS,UNPAID,1000
5183,Hüseyin,Kurumsal SMS,UNPAID,1000
5191,Emine,Kurumsal SMS,UNPAID,1000
5270,Fatma,Kurumsal SMS,UNPAID,1000
5295,Murat,Kurumsal SMS,UNPAID,1000
5015,Sevim,Kurumsal SMS,UNPAID,1000
5078,İbrahim,Kurumsal SMS,UNPAID,1000
5135,Leyla,Kurumsal SMS,UNPAID,1000
4897,Yasemin,Kurumsal SMS,UNPAID,1000
4904,Ayşe,Kurumsal SMS,UNPAID,1000
4916,Songül,Kurumsal SMS,UNPAID,1000
4922,Halil,Kurumsal SMS,UNPAID,1000
4948,Hacer,Kurumsal SMS,UNPAID,1000
4960,Hacer,Kurumsal SMS,UNPAID,1000
4971,Hakan,Kurumsal SMS,UNPAID,1000
4995,Yasemin,Kurumsal SMS,UNPAID,1000
5011,Merve,Kurumsal SMS,UNPAID,1000
8289,Ali,Kurumsal SMS,UNPAID,1000
8299,Yağmur,Kurumsal SMS,UNPAID,1000
7992,Furkan,Kurumsal SMS,UNPAID,1000
8007,Serkan,Kurumsal SMS,UNPAID,1000
8023,Fadime,Kurumsal SMS,UNPAID,1000
8047,Yasemin,Kurumsal SMS,UNPAID,1000
8085,Merve,Kurumsal SMS,UNPAID,1000
8100,Halil,Kurumsal SMS,UNPAID,1000
8101,Furkan,Kurumsal SMS,UNPAID,1000
8141,Burak,Kurumsal SMS,UNPAID,1000
7839,Serkan,Kurumsal SMS,UNPAID,1000
7844,Osman,Kurumsal SMS,UNPAID,1000
7855,Elif,Kurumsal SMS,UNPAID,1000
7883,Rabia,Kurumsal SMS,UNPAID,1000
7935,Mustafa,Kurumsal SMS,UNPAID,1000
7938,Ömer,Kurumsal SMS,UNPAID,1000
7946,Dilek,Kurumsal SMS,UNPAID,1000
7952,Özlem,Kurumsal SMS,UNPAID,1000
7960,Hasan,Kurumsal SMS,UNPAID,1000
7961,Osman,Kurumsal SMS,UNPAID,1000
7969,Ahmet,Kurumsal SMS,UNPAID,1000
7979,Leyla,Kurumsal SMS,UNPAID,1000
7704,Ramazan,Kurumsal SMS,UNPAID,1000
7741,Rabia,Kurumsal SMS,UNPAID,1000
7781,Hasan,Kurumsal SMS,UNPAID,1000
7798,Murat,Kurumsal SMS,UNPAID,1000
7822,Serkan,Kurumsal SMS,UNPAID,1000
7523,Fadime,Kurumsal SMS,UNPAID,1000
7593,Fatih,Kurumsal SMS,UNPAID,1000
7612,Yasemin,Kurumsal SMS,UNPAID,1000
7634,Meryem,Kurumsal SMS,UNPAID,1000
7646,Serkan,Kurumsal SMS,UNPAID,1000
7656,Yasin,Kurumsal SMS,UNPAID,1000
7399,Dilek,Kurumsal SMS,UNPAID,1000
7417,Fadime,Kurumsal SMS,UNPAID,1000
7447,Hakan,Kurumsal SMS,UNPAID,1000
7214,Merve,Kurumsal SMS,UNPAID,1000
7227,Yusuf,Kurumsal SMS,UNPAID,1000
7347,Esra,Kurumsal SMS,UNPAID,1000
7348,Abdullah,Kurumsal SMS,UNPAID,1000
7069,Ali,Kurumsal SMS,UNPAID,1000
7074,Songül,Kurumsal SMS,UNPAID,1000
7137,Metin,Kurumsal SMS,UNPAID,1000
7140,Havva,Kurumsal SMS,UNPAID,1000
7145,Murat,Kurumsal SMS,UNPAID,1000
7189,Yasin,Kurumsal SMS,UNPAID,1000
6904,Abdullah,Kurumsal SMS,UNPAID,1000
6931,Sultan,Kurumsal SMS,UNPAID,1000
6994,Hülya,Kurumsal SMS,UNPAID,1000
7010,Emine,Kurumsal SMS,UNPAID,1000
7026,Abdullah,Kurumsal SMS,UNPAID,1000
7035,Meryem,Kurumsal SMS,UNPAID,1000
6737,Hatice,Kurumsal SMS,UNPAID,1000
6750,Kadir,Kurumsal SMS,UNPAID,1000
6758,Fadime,Kurumsal SMS,UNPAID,1000
6850,İbrahim,Kurumsal SMS,UNPAID,1000
6580,Murat,Kurumsal SMS,UNPAID,1000
6582,Yağmur,Kurumsal SMS,UNPAID,1000
6602,Ramazan,Kurumsal SMS,UNPAID,1000
6614,Büşra,Kurumsal SMS,UNPAID,1000
6618,Sultan,Kurumsal SMS,UNPAID,1000
6625,Esra,Kurumsal SMS,UNPAID,1000
6658,Melek,Kurumsal SMS,UNPAID,1000
6667,Yasin,Kurumsal SMS,UNPAID,1000
9733,Hülya,Kurumsal SMS,UNPAID,1000
9740,İbrahim,Kurumsal SMS,UNPAID,1000
9785,Elif,Kurumsal SMS,UNPAID,1000
9835,Fadime,Kurumsal SMS,UNPAID,1000
9837,Fadime,Kurumsal SMS,UNPAID,1000
9632,Büşra,Kurumsal SMS,UNPAID,1000
9644,Murat,Kurumsal SMS,UNPAID,1000
9645,Rabia,Kurumsal SMS,UNPAID,1000
9676,Yağmur,Kurumsal SMS,UNPAID,1000
9424,Meryem,Kurumsal SMS,UNPAID,1000
9502,Ali,Kurumsal SMS,UNPAID,1000
9503,Tuğba,Kurumsal SMS,UNPAID,1000
9504,Meryem,Kurumsal SMS,UNPAID,1000
9525,Emine,Kurumsal SMS,UNPAID,1000
9530,Yasin,Kurumsal SMS,UNPAID,1000
9540,Dilek,Kurumsal SMS,UNPAID,1000
9272,Sultan,Kurumsal SMS,UNPAID,1000
9280,Hacer,Kurumsal SMS,UNPAID,1000
9367,Kadir,Kurumsal SMS,UNPAID,1000
9125,Merve,Kurumsal SMS,UNPAID,1000
9127,Özlem,Kurumsal SMS,UNPAID,1000
9140,Yusuf,Kurumsal SMS,UNPAID,1000
8926,Dilek,Kurumsal SMS,UNPAID,1000
8971,Songül,Kurumsal SMS,UNPAID,1000
9027,Aynur,Kurumsal SMS,UNPAID,1000
9030,Ali,Kurumsal SMS,UNPAID,1000
9032,Mustafa,Kurumsal SMS,UNPAID,1000
9049,Mustafa,Kurumsal SMS,UNPAID,1000
9059,Ahmet,Kurumsal SMS,UNPAID,1000
8778,Fatma,Kurumsal SMS,UNPAID,1000
8780,Sevim,Kurumsal SMS,UNPAID,1000
8791,Mahmut,Kurumsal SMS,UNPAID,1000
8811,Hülya,Kurumsal SMS,UNPAID,1000
8822,Songül,Kurumsal SMS,UNPAID,1000
8849,Elif,Kurumsal SMS,UNPAID,1000
8866,Tuğba,Kurumsal SMS,UNPAID,1000
8879,Osman,Kurumsal SMS,UNPAID,1000
8880,Havva,Kurumsal SMS,UNPAID,1000
8917,Zehra,Kurumsal SMS,UNPAID,1000
8922,Fadime,Kurumsal SMS,UNPAID,1000
8619,Hatice,Kurumsal SMS,UNPAID,1000
8643,Halil,Kurumsal SMS,UNPAID,1000
8648,Elif,Kurumsal SMS,UNPAID,1000
8653,Emre,Kurumsal SMS,UNPAID,1000
8719,Büşra,Kurumsal SMS,UNPAID,1000
8722,Elif,Kurumsal SMS,UNPAID,1000
8732,Emine,Kurumsal SMS,UNPAID,1000
8751,Emre,Kurumsal SMS,UNPAID,1000
8502,Yasemin,Kurumsal SMS,UNPAID,1000
8516,Ayşegül,Kurumsal SMS,UNPAID,1000
8601,Ali,Kurumsal SMS,UNPAID,1000
8315,Recep,Kurumsal SMS,UNPAID,1000
8343,Hakan,Kurumsal SMS,UNPAID,1000
8384,Enes,Kurumsal SMS,UNPAID,1000
8404,Yağmur,Kurumsal SMS,UNPAID,1000
8448,Meryem,Kurumsal SMS,UNPAID,1000
8456,Halil,Kurumsal SMS,UNPAID,1000
8146,Emre,Kurumsal SMS,UNPAID,1000
8151,Zehra,Kurumsal SMS,UNPAID,1000
8214,Kadir,Kurumsal SMS,UNPAID,1000
8220,Özlem,Kurumsal SMS,UNPAID,1000
8263,Ahmet,Kurumsal SMS,UNPAID,1000
8265,Ali,Kurumsal SMS,UNPAID,1000
8276,Halil,Kurumsal SMS,UNPAID,1000
9729,Ahmet,GB,UNPAID,450
9766,Zehra,GB,UNPAID,450
9790,Elif,GB,UNPAID,450
9795,Kübra,GB,UNPAID,450
9855,Yusuf,GB,UNPAID,450
9856,Yağmur,GB,UNPAID,450
9858,Melek,GB,UNPAID,450
9601,Abdullah,GB,UNPAID,450
9604,Osman,GB,UNPAID,450
9635,Enes,GB,UNPAID,450
9695,Ahmet,GB,UNPAID,450
9398,Yusuf,GB,UNPAID,450
9401,Sevim,GB,UNPAID,450
9433,Süleyman,GB,UNPAID,450
9454,Songül,GB,UNPAID,450
9470,Süleyman,GB,UNPAID,450
9491,Yasin,GB,UNPAID,450
9241,Merve,GB,UNPAID,450
9243,Dilek,GB,UNPAID,450
9252,Yusuf,GB,UNPAID,450
9266,Hacer,GB,UNPAID,450
9291,Muhammed,GB,UNPAID,450
9318,Abdullah,GB,UNPAID,450
9349,Hülya,GB,UNPAID,450
9105,Osman,GB,UNPAID,450
9153,Ayşegül,GB,UNPAID,450
9178,Leyla,GB,UNPAID,450
9231,Yağmur,GB,UNPAID,450
9232,Esra,GB,UNPAID,450
8948,Zeynep,GB,UNPAID,450
8960,Yağmur,GB,UNPAID,450
9055,Ayşegül,GB,UNPAID,450
8770,Emre,GB,UNPAID,450
8809,Yusuf,GB,UNPAID,450
8812,Hatice,GB,UNPAID,450
8856,Hatice,GB,UNPAID,450
8902,Aysel,GB,UNPAID,450
8629,Mustafa,GB,UNPAID,450
8638,Ali,GB,UNPAID,450
8660,Hülya,GB,UNPAID,450
8667,Sevim,GB,UNPAID,450
8704,Emre,GB,UNPAID,450
8706,İbrahim,GB,UNPAID,450
8462,Sevim,GB,UNPAID,450
8474,Hatice,GB,UNPAID,450
8482,Zehra,GB,UNPAID,450
8526,Büşra,GB,UNPAID,450
8545,Büşra,GB,UNPAID,450
8564,Zehra,GB,UNPAID,450
8585,Muhammed,GB,UNPAID,450
8602,Furkan,GB,UNPAID,450
8351,Emre,GB,UNPAID,450
8376,Yağmur,GB,UNPAID,450
8418,Sultan,GB,UNPAID,450
8446,Fatih,GB,UNPAID,450
8191,Osman,GB,UNPAID,450
8196,Havva,GB,UNPAID,450
8199,Ali,GB,UNPAID,450
8209,Leyla,GB,UNPAID,450
8212,Ayşegül,GB,UNPAID,450
8224,Adem,GB,UNPAID,450
8251,Elif,GB,UNPAID,450
8264,Hülya,GB,UNPAID,450
8009,Mustafa,GB,UNPAID,450
8013,Süleyman,GB,UNPAID,450
8046,Esra,GB,UNPAID,450
8084,Fatih,GB,UNPAID,450
8109,Ahmet,GB,UNPAID,450
8119,Melek,GB,UNPAID,450
8123,Leyla,GB,UNPAID,450
7896,Süleyman,GB,UNPAID,450
7903,Yağmur,GB,UNPAID,450
7917,Fatma,GB,UNPAID,450
7973,Büşra,GB,UNPAID,450
7986,Merve,GB,UNPAID,450
7686,Yasin,GB,UNPAID,450
7691,Furkan,GB,UNPAID,450
7698,Mustafa,GB,UNPAID,450
7719,Merve,GB,UNPAID,450
7720,Dilek,GB,UNPAID,450
7724,Fatih,GB,UNPAID,450
7727,Merve,GB,UNPAID,450
7752,Özlem,GB,UNPAID,450
7758,Esra,GB,UNPAID,450
7814,Tuğba,GB,UNPAID,450
7828,Osman,GB,UNPAID,450
7522,Özlem,GB,UNPAID,450
7586,Murat,GB,UNPAID,450
7587,Büşra,GB,UNPAID,450
7599,Leyla,GB,UNPAID,450
7620,Meryem,GB,UNPAID,450
7630,Mustafa,GB,UNPAID,450
7641,Burak,GB,UNPAID,450
7652,Fatma,GB,UNPAID,450
7205,Aysel,GB,UNPAID,450
7232,Havva,GB,UNPAID,450
7261,Yağmur,GB,UNPAID,450
7279,Recep,GB,UNPAID,450
7293,Adem,GB,UNPAID,450
7337,Serkan,GB,UNPAID,450
7358,Adem,GB,UNPAID,450
7045,Yasin,GB,UNPAID,450
7058,Enes,GB,UNPAID,450
7060,Fatma,GB,UNPAID,450
7089,Yasemin,GB,UNPAID,450
7092,Zehra,GB,UNPAID,450
7108,Zeynep,GB,UNPAID,450
7122,Ömer,GB,UNPAID,450
7135,Mehmet,GB,UNPAID,450
7159,Emine,GB,UNPAID,450
7174,Hakan,GB,UNPAID,450
7197,Adem,GB,UNPAID,450
6900,Zehra,GB,UNPAID,450
6905,Hasan,GB,UNPAID,450
6960,Fatih,GB,UNPAID,450
6964,Meryem,GB,UNPAID,450
6975,Büşra,GB,UNPAID,450
7033,Kadir,GB,UNPAID,450
6741,Halil,GB,UNPAID,450
6798,Melek,GB,UNPAID,450
6843,Yasemin,GB,UNPAID,450
6864,Merve,GB,UNPAID,450
6597,Adem,GB,UNPAID,450
6613,Abdullah,GB,UNPAID,450
6666,Recep,GB,UNPAID,450
6672,Esra,GB,UNPAID,450
6676,Fatih,GB,UNPAID,450
6692,Hülya,GB,UNPAID,450
6437,Fatma,GB,UNPAID,450
6460,Osman,GB,UNPAID,450
6468,Esra,GB,UNPAID,450
6498,Hasan,GB,UNPAID,450
6507,Recep,GB,UNPAID,450
6512,Recep,GB,UNPAID,450
6523,Fadime,GB,UNPAID,450
6307,Leyla,GB,UNPAID,450
6347,Aysel,GB,UNPAID,450
6229,Leyla,GB,UNPAID,450
6242,Serkan,GB,UNPAID,450
5984,Enes,GB,UNPAID,450
6005,Havva,GB,UNPAID,450
6058,Büşra,GB,UNPAID,450
6066,Fadime,GB,UNPAID,450
6078,Metin,GB,UNPAID,450
6097,Zeynep,GB,UNPAID,450
6099,Emre,GB,UNPAID,450
5796,Fatih,GB,UNPAID,450
5840,Rabia,GB,UNPAID,450
5866,Serkan,GB,UNPAID,450
5892,Fatma,GB,UNPAID,450
5909,Emine,GB,UNPAID,450
5910,Yasemin,GB,UNPAID,450
5742,Enes,GB,UNPAID,450
5787,Yağmur,GB,UNPAID,450
5523,Leyla,GB,UNPAID,450
5528,Rabia,GB,UNPAID,450
5535,Hüseyin,GB,UNPAID,450
5545,Halil,GB,UNPAID,450
5584,Sevim,GB,UNPAID,450
5612,Hülya,GB,UNPAID,450
5624,Yağmur,GB,UNPAID,450
5353,Burak,GB,UNPAID,450
5371,Murat,GB,UNPAID,450
5375,Tuğba,GB,UNPAID,450
5429,Sultan,GB,UNPAID,450
5472,Ömer,GB,UNPAID,450
5172,Fatma,GB,UNPAID,450
5184,Fadime,GB,UNPAID,450
5225,Hatice,GB,UNPAID,450
5232,Fadime,GB,UNPAID,450
5235,Özlem,GB,UNPAID,450
5253,Serkan,GB,UNPAID,450
5263,Enes,GB,UNPAID,450
5264,Süleyman,GB,UNPAID,450
5285,Yağmur,GB,UNPAID,450
5069,Songül,GB,UNPAID,450
5094,Hakan,GB,UNPAID,450
5098,Enes,GB,UNPAID,450
5157,Kübra,GB,UNPAID,450
4856,Ömer,GB,UNPAID,450
4867,Süleyman,GB,UNPAID,450
4935,Kadir,GB,UNPAID,450
4946,Yasemin,GB,UNPAID,450
4987,Hakan,GB,UNPAID,450
4714,Fatih,GB,UNPAID,450
4726,Recep,GB,UNPAID,450
4744,Mahmut,GB,UNPAID,450
4759,Murat,GB,UNPAID,450
4813,Hasan,GB,UNPAID,450
4542,Zehra,GB,UNPAID,450
4580,Meryem,GB,UNPAID,450
4607,İsmail,GB,UNPAID,450
4615,Metin,GB,UNPAID,450
4639,Melek,GB,UNPAID,450
4641,Aysel,GB,UNPAID,450
4649,Sevim,GB,UNPAID,450
4662,Emre,GB,UNPAID,450
4402,Murat,GB,UNPAID,450
4433,Esra,GB,UNPAID,450
4478,Muhammed,GB,UNPAID,450
4531,Recep,GB,UNPAID,450
4234,Murat,GB,UNPAID,450
4274,Kadir,GB,UNPAID,450
4301,Burak,GB,UNPAID,450
4363,Mustafa,GB,UNPAID,450
4084,İsmail,GB,UNPAID,450
4124,Ayşegül,GB,UNPAID,450
4127,Ahmet,GB,UNPAID,450
4176,Sevim,GB,UNPAID,450
4191,Murat,GB,UNPAID,450
3945,Emine,GB,UNPAID,450
3962,Metin,GB,UNPAID,450
4006,Emre,GB,UNPAID,450
3757,Büşra,GB,UNPAID,450
3860,Hülya,GB,UNPAID,450
3601,Abdullah,GB,UNPAID,450
3635,Hacer,GB,UNPAID,450
3645,Recep,GB,UNPAID,450
3657,Büşra,GB,UNPAID,450
3704,Meryem,GB,UNPAID,450
3738,Fadime,GB,UNPAID,450
3450,Yağmur,GB,UNPAID,450
3506,Emre,GB,UNPAID,450
3522,Aysel,GB,UNPAID,450
3575,Enes,GB,UNPAID,450
3297,Meryem,GB,UNPAID,450
3305,Mahmut,GB,UNPAID,450
3352,Rabia,GB,UNPAID,450
3358,Hakan,GB,UNPAID,450
3430,Hakan,GB,UNPAID,450
3130,Hakan,GB,UNPAID,450
3207,Burak,GB,UNPAID,450
3256,Osman,GB,UNPAID,450
2973,Ahmet,GB,UNPAID,450
3046,Büşra,GB,UNPAID,450
3055,Mehmet,GB,UNPAID,450
3062,Süleyman,GB,UNPAID,450
3094,Hakan,GB,UNPAID,450
3100,Emine,GB,UNPAID,450
3115,Kübra,GB,UNPAID,450
3120,Yasemin,GB,UNPAID,450
2831,Hasan,GB,UNPAID,450
2838,Merve,GB,UNPAID,450
2858,Hakan,GB,UNPAID,450
2893,Aynur,GB,UNPAID,450
2940,Fatma,GB,UNPAID,450
2686,Yasemin,GB,UNPAID,450
2708,Yasemin,GB,UNPAID,450
2738,Hüseyin,GB,UNPAID,450
2789,Yağmur,GB,UNPAID,450
2506,Murat,GB,UNPAID,450
2509,Yasin,GB,UNPAID,450
2396,Sevim,GB,UNPAID,450
2411,Kadir,GB,UNPAID,450
2453,Mustafa,GB,UNPAID,450
2194,İsmail,GB,UNPAID,450
2211,Merve,GB,UNPAID,450
2214,Ramazan,GB,UNPAID,450
2237,Meryem,GB,UNPAID,450
2285,Özlem,GB,UNPAID,450
2294,Kadir,GB,UNPAID,450
2296,Recep,GB,UNPAID,450
2311,Adem,GB,UNPAID,450
2340,Ömer,GB,UNPAID,450
2345,Leyla,GB,UNPAID,450
2122,Aysel,GB,UNPAID,450
2155,Burak,GB,UNPAID,450
2180,Enes,GB,UNPAID,450
1911,Yusuf,GB,UNPAID,450
2031,Kübra,GB,UNPAID,450
1731,Mustafa,GB,UNPAID,450
1744,Abdullah,GB,UNPAID,450
1752,Fadime,GB,UNPAID,450
1815,Esra,GB,UNPAID,450
1826,Yasin,GB,UNPAID,450
1828,Kübra,GB,UNPAID,450
1831,Ayşe,GB,UNPAID,450
1843,Enes,GB,UNPAID,450
1863,Rabia,GB,UNPAID,450
1868,Enes,GB,UNPAID,450
1872,Zehra,GB,UNPAID,450
1577,Hatice,GB,UNPAID,450
1612,Havva,GB,UNPAID,450
1613,Emine,GB,UNPAID,450
1639,Fadime,GB,UNPAID,450
1670,Esra,GB,UNPAID,450
1681,Yasin,GB,UNPAID,450
1682,Dilek,GB,UNPAID,450
1717,Zehra,GB,UNPAID,450
1409,Rabia,GB,UNPAID,450
1437,Esra,GB,UNPAID,450
1491,Osman,GB,UNPAID,450
1252,Zehra,GB,UNPAID,450
1296,Ayşegül,GB,UNPAID,450
1318,Fatma,GB,UNPAID,450
1348,Elif,GB,UNPAID,450
1352,Melek,GB,UNPAID,450
1357,Havva,GB,UNPAID,450
1372,Yusuf,GB,UNPAID,450
1137,Hülya,GB,UNPAID,450
1149,Abdullah,GB,UNPAID,450
1166,Büşra,GB,UNPAID,450
1189,Özlem,GB,UNPAID,450
973,Ayşegül,GB,UNPAID,450
999,Burak,GB,UNPAID,450
1086,Dilek,GB,UNPAID,450
787,Abdullah,GB,UNPAID,450
797,Recep,GB,UNPAID,450
817,Ayşe,GB,UNPAID,450
937,Yasin,GB,UNPAID,450
670,Enes,GB,UNPAID,450
707,Murat,GB,UNPAID,450
708,Serkan,GB,UNPAID,450
495,Ahmet,GB,UNPAID,450
512,Kübra,GB,UNPAID,450
529,Zehra,GB,UNPAID,450
531,Meryem,GB,UNPAID,450
594,Zeynep,GB,UNPAID,450
366,Enes,GB,UNPAID,450
405,Mustafa,GB,UNPAID,450
224,Rabia,GB,UNPAID,450
231,Mahmut,GB,UNPAID,450
248,Yasin,GB,UNPAID,450
299,Mustafa,GB,UNPAID,450
311,Fatma,GB,UNPAID,450
20,İsmail,GB,UNPAID,450
57,Fadime,GB,UNPAID,450
110,Dilek,GB,UNPAID,450
139,Mehmet,GB,UNPAID,450
9873,Fadime,GB,UNPAID,450
9889,Havva,GB,UNPAID,450
9892,Osman,GB,UNPAID,450
9903,Osman,GB,UNPAID,450
9906,Özlem,GB,UNPAID,450
9931,Hatice,GB,UNPAID,450
9938,Sevim,GB,UNPAID,450
9952,Serkan,GB,UNPAID,450
9995,Yasemin,GB,UNPAID,450
9997,Tuğba,GB,UNPAID,450
1000,Kübra,Kobiye Destek,UNPAID,350
1014,Fadime,Kobiye Destek,UNPAID,350
1016,Büşra,Kobiye Destek,UNPAID,350
1022,Yağmur,Kobiye Destek,UNPAID,350
1028,Fatih,Kobiye Destek,UNPAID,350
1033,Rabia,Kobiye Destek,UNPAID,350
1076,Songül,Kobiye Destek,UNPAID,350
1081,Halil,Kobiye Destek,UNPAID,350
1083,Recep,Kobiye Destek,UNPAID,350
858,Abdullah,Kobiye Destek,UNPAID,350
862,Ayşegül,Kobiye Destek,UNPAID,350
899,Fatih,Kobiye Destek,UNPAID,350
635,Melek,Kobiye Destek,UNPAID,350
636,Aysel,Kobiye Destek,UNPAID,350
649,Zeynep,Kobiye Destek,UNPAID,350
653,Dilek,Kobiye Destek,UNPAID,350
664,Leyla,Kobiye Destek,UNPAID,350
553,Mustafa,Kobiye Destek,UNPAID,350
610,Yasemin,Kobiye Destek,UNPAID,350
331,Fadime,Kobiye Destek,UNPAID,350
356,Aysel,Kobiye Destek,UNPAID,350
396,Halil,Kobiye Destek,UNPAID,350
412,Furkan,Kobiye Destek,UNPAID,350
217,Merve,Kobiye Destek,UNPAID,350
223,Fadime,Kobiye Destek,UNPAID,350
260,Rabia,Kobiye Destek,UNPAID,350
33,Fadime,Kobiye Destek,UNPAID,350
54,Burak,Kobiye Destek,UNPAID,350
83,Sultan,Kobiye Destek,UNPAID,350
118,Enes,Kobiye Destek,UNPAID,350
124,Yasemin,Kobiye Destek,UNPAID,350
141,Meryem,Kobiye Destek,UNPAID,350
9880,Yasin,Kobiye Destek,UNPAID,350
9887,Serkan,Kobiye Destek,UNPAID,350
9913,Ramazan,Kobiye Destek,UNPAID,350
9940,Adem,Kobiye Destek,UNPAID,350
9961,Fadime,Kobiye Destek,UNPAID,350
9976,Hatice,Kobiye Destek,UNPAID,350
9984,Yasemin,Kobiye Destek,UNPAID,350
9993,Melek,Kobiye Destek,UNPAID,350
2878,Ömer,Kobiye Destek,UNPAID,350
2909,Merve,Kobiye Destek,UNPAID,350
2933,Hatice,Kobiye Destek,UNPAID,350
2672,Sevim,Kobiye Destek,UNPAID,350
2674,Rabia,Kobiye Destek,UNPAID,350
2699,Recep,Kobiye Destek,UNPAID,350
2771,Furkan,Kobiye Destek,UNPAID,350
2772,Emre,Kobiye Destek,UNPAID,350
2788,Muhammed,Kobiye Destek,UNPAID,350
2810,Yağmur,Kobiye Destek,UNPAID,350
2512,Zehra,Kobiye Destek,UNPAID,350
2558,Fatih,Kobiye Destek,UNPAID,350
2589,Ömer,Kobiye Destek,UNPAID,350
2592,Elif,Kobiye Destek,UNPAID,350
2596,Ramazan,Kobiye Destek,UNPAID,350
2599,Tuğba,Kobiye Destek,UNPAID,350
2405,Abdullah,Kobiye Destek,UNPAID,350
2206,Özlem,Kobiye Destek,UNPAID,350
2262,Fatih,Kobiye Destek,UNPAID,350
2292,Abdullah,Kobiye Destek,UNPAID,350
2298,Yasemin,Kobiye Destek,UNPAID,350
2324,Hakan,Kobiye Destek,UNPAID,350
2093,Rabia,Kobiye Destek,UNPAID,350
2099,Ramazan,Kobiye Destek,UNPAID,350
2113,Yağmur,Kobiye Destek,UNPAID,350
2151,Ali,Kobiye Destek,UNPAID,350
2161,Meryem,Kobiye Destek,UNPAID,350
1921,Büşra,Kobiye Destek,UNPAID,350
1944,Rabia,Kobiye Destek,UNPAID,350
1954,Burak,Kobiye Destek,UNPAID,350
1961,Halil,Kobiye Destek,UNPAID,350
1966,Merve,Kobiye Destek,UNPAID,350
1975,Yağmur,Kobiye Destek,UNPAID,350
1994,Yasin,Kobiye Destek,UNPAID,350
2003,Sevim,Kobiye Destek,UNPAID,350
1740,Yasin,Kobiye Destek,UNPAID,350
1761,Hacer,Kobiye Destek,UNPAID,350
1768,Ali,Kobiye Destek,UNPAID,350
1793,Fatma,Kobiye Destek,UNPAID,350
1832,Aysel,Kobiye Destek,UNPAID,350
1835,Süleyman,Kobiye Destek,UNPAID,350
1842,Hülya,Kobiye Destek,UNPAID,350
1586,İsmail,Kobiye Destek,UNPAID,350
1594,Havva,Kobiye Destek,UNPAID,350
1606,Esra,Kobiye Destek,UNPAID,350
1669,Ahmet,Kobiye Destek,UNPAID,350
1714,Aynur,Kobiye Destek,UNPAID,350
1489,Büşra,Kobiye Destek,UNPAID,350
1520,Hakan,Kobiye Destek,UNPAID,350
1557,Zeynep,Kobiye Destek,UNPAID,350
1269,Kübra,Kobiye Destek,UNPAID,350
1284,Hülya,Kobiye Destek,UNPAID,350
1307,Zeynep,Kobiye Destek,UNPAID,350
1326,Sevim,Kobiye Destek,UNPAID,350
1327,Hacer,Kobiye Destek,UNPAID,350
1339,Abdullah,Kobiye Destek,UNPAID,350
1351,Elif,Kobiye Destek,UNPAID,350
1355,Osman,Kobiye Destek,UNPAID,350
1373,Burak,Kobiye Destek,UNPAID,350
1376,Zeynep,Kobiye Destek,UNPAID,350
1097,Hasan,Kobiye Destek,UNPAID,350
1153,Hasan,Kobiye Destek,UNPAID,350
1184,Sevim,Kobiye Destek,UNPAID,350
1250,Fatma,Kobiye Destek,UNPAID,350
4493,Süleyman,Kobiye Destek,UNPAID,350
4494,Süleyman,Kobiye Destek,UNPAID,350
4505,Fatma,Kobiye Destek,UNPAID,350
4507,Yağmur,Kobiye Destek,UNPAID,350
4508,Aysel,Kobiye Destek,UNPAID,350
4510,Burak,Kobiye Destek,UNPAID,350
4515,Hülya,Kobiye Destek,UNPAID,350
4526,Hülya,Kobiye Destek,UNPAID,350
4535,Süleyman,Kobiye Destek,UNPAID,350
4237,İsmail,Kobiye Destek,UNPAID,350
4243,Recep,Kobiye Destek,UNPAID,350
4257,Fadime,Kobiye Destek,UNPAID,350
4310,Mahmut,Kobiye Destek,UNPAID,350
4327,Hatice,Kobiye Destek,UNPAID,350
4345,Özlem,Kobiye Destek,UNPAID,350
4379,Ayşe,Kobiye Destek,UNPAID,350
4089,Mahmut,Kobiye Destek,UNPAID,350
4167,Sevim,Kobiye Destek,UNPAID,350
4181,İbrahim,Kobiye Destek,UNPAID,350
4213,Elif,Kobiye Destek,UNPAID,350
3928,Tuğba,Kobiye Destek,UNPAID,350
3934,Hakan,Kobiye Destek,UNPAID,350
3965,Hülya,Kobiye Destek,UNPAID,350
3999,Fadime,Kobiye Destek,UNPAID,350
4008,Dilek,Kobiye Destek,UNPAID,350
4031,Hakan,Kobiye Destek,UNPAID,350
3766,Yasin,Kobiye Destek,UNPAID,350
3769,Hasan,Kobiye Destek,UNPAID,350
3810,Metin,Kobiye Destek,UNPAID,350
3835,Elif,Kobiye Destek,UNPAID,350
3849,Ahmet,Kobiye Destek,UNPAID,350
3851,Yağmur,Kobiye Destek,UNPAID,350
3872,Melek,Kobiye Destek,UNPAID,350
3893,Zehra,Kobiye Destek,UNPAID,350
3899,Sevim,Kobiye Destek,UNPAID,350
3627,Tuğba,Kobiye Destek,UNPAID,350
3668,Ayşegül,Kobiye Destek,UNPAID,350
3676,Recep,Kobiye Destek,UNPAID,350
3679,Aysel,Kobiye Destek,UNPAID,350
3743,Sevim,Kobiye Destek,UNPAID,350
3518,Hakan,Kobiye Destek,UNPAID,350
3519,Fatma,Kobiye Destek,UNPAID,350
3548,Büşra,Kobiye Destek,UNPAID,350
3555,Dilek,Kobiye Destek,UNPAID,350
3597,Meryem,Kobiye Destek,UNPAID,350
3335,Leyla,Kobiye Destek,UNPAID,350
3361,Hüseyin,Kobiye Destek,UNPAID,350
3362,Hacer,Kobiye Destek,UNPAID,350
3403,Aysel,Kobiye Destek,UNPAID,350
3423,Ramazan,Kobiye Destek,UNPAID,350
3437,Recep,Kobiye Destek,UNPAID,350
3138,Fadime,Kobiye Destek,UNPAID,350
3157,Zeynep,Kobiye Destek,UNPAID,350
3239,Emre,Kobiye Destek,UNPAID,350
2974,Burak,Kobiye Destek,UNPAID,350
3037,Büşra,Kobiye Destek,UNPAID,350
3040,Ayşe,Kobiye Destek,UNPAID,350
3042,Kübra,Kobiye Destek,UNPAID,350
3078,Fadime,Kobiye Destek,UNPAID,350
2829,Burak,Kobiye Destek,UNPAID,350
2841,Rabia,Kobiye Destek,UNPAID,350
2845,Özlem,Kobiye Destek,UNPAID,350
2862,Zeynep,Kobiye Destek,UNPAID,350
2870,Murat,Kobiye Destek,UNPAID,350
6306,Murat,Kobiye Destek,UNPAID,350
6313,Burak,Kobiye Destek,UNPAID,350
6327,Süleyman,Kobiye Destek,UNPAID,350
6328,Sevim,Kobiye Destek,UNPAID,350
6337,Mehmet,Kobiye Destek,UNPAID,350
6341,Furkan,Kobiye Destek,UNPAID,350
6399,Yasemin,Kobiye Destek,UNPAID,350
6404,Recep,Kobiye Destek,UNPAID,350
6407,Mustafa,Kobiye Destek,UNPAID,350
6112,Sevim,Kobiye Destek,UNPAID,350
6122,Recep,Kobiye Destek,UNPAID,350
6126,Havva,Kobiye Destek,UNPAID,350
6177,Ahmet,Kobiye Destek,UNPAID,350
6180,Ayşegül,Kobiye Destek,UNPAID,350
6199,Ali,Kobiye Destek,UNPAID,350
5957,Emre,Kobiye Destek,UNPAID,350
5972,Ahmet,Kobiye Destek,UNPAID,350
6009,Enes,Kobiye Destek,UNPAID,350
6042,Zeynep,Kobiye Destek,UNPAID,350
6095,Recep,Kobiye Destek,UNPAID,350
5904,Büşra,Kobiye Destek,UNPAID,350
5928,Aysel,Kobiye Destek,UNPAID,350
5929,Serkan,Kobiye Destek,UNPAID,350
5934,Aynur,Kobiye Destek,UNPAID,350
5685,Burak,Kobiye Destek,UNPAID,350
5728,Kadir,Kobiye Destek,UNPAID,350
5731,Kübra,Kobiye Destek,UNPAID,350
5764,Yağmur,Kobiye Destek,UNPAID,350
5482,İsmail,Kobiye Destek,UNPAID,350
5498,Zehra,Kobiye Destek,UNPAID,350
5521,Elif,Kobiye Destek,UNPAID,350
5568,Mahmut,Kobiye Destek,UNPAID,350
5634,Rabia,Kobiye Destek,UNPAID,350
5346,Dilek,Kobiye Destek,UNPAID,350
5367,Özlem,Kobiye Destek,UNPAID,350
5387,Hatice,Kobiye Destek,UNPAID,350
5444,Hülya,Kobiye Destek,UNPAID,350
5217,Songül,Kobiye Destek,UNPAID,350
5255,Elif,Kobiye Destek,UNPAID,350
5299,Ömer,Kobiye Destek,UNPAID,350
5316,Merve,Kobiye Destek,UNPAID,350
5031,Ramazan,Kobiye Destek,UNPAID,350
5032,Yağmur,Kobiye Destek,UNPAID,350
5058,Yağmur,Kobiye Destek,UNPAID,350
5075,Meryem,Kobiye Destek,UNPAID,350
5090,Yağmur,Kobiye Destek,UNPAID,350
4861,Enes,Kobiye Destek,UNPAID,350
4883,Hülya,Kobiye Destek,UNPAID,350
4906,Murat,Kobiye Destek,UNPAID,350
4951,Osman,Kobiye Destek,UNPAID,350
4969,Ali,Kobiye Destek,UNPAID,350
4985,Dilek,Kobiye Destek,UNPAID,350
4753,Merve,Kobiye Destek,UNPAID,350
4755,Kadir,Kobiye Destek,UNPAID,350
4805,Esra,Kobiye Destek,UNPAID,350
4811,Hacer,Kobiye Destek,UNPAID,350
4840,Abdullah,Kobiye Destek,UNPAID,350
4553,İbrahim,Kobiye Destek,UNPAID,350
4603,Osman,Kobiye Destek,UNPAID,350
4676,Sevim,Kobiye Destek,UNPAID,350
4448,Muhammed,Kobiye Destek,UNPAID,350
4460,Mehmet,Kobiye Destek,UNPAID,350
4473,Yusuf,Kobiye Destek,UNPAID,350
4483,Abdullah,Kobiye Destek,UNPAID,350
8089,Yusuf,Kobiye Destek,UNPAID,350
8091,Özlem,Kobiye Destek,UNPAID,350
8096,Dilek,Kobiye Destek,UNPAID,350
8121,Fadime,Kobiye Destek,UNPAID,350
7843,Meryem,Kobiye Destek,UNPAID,350
7918,Tuğba,Kobiye Destek,UNPAID,350
7930,Ayşegül,Kobiye Destek,UNPAID,350
7945,Halil,Kobiye Destek,UNPAID,350
7953,Emre,Kobiye Destek,UNPAID,350
7685,Fadime,Kobiye Destek,UNPAID,350
7714,Merve,Kobiye Destek,UNPAID,350
7715,Ayşegül,Kobiye Destek,UNPAID,350
7746,Merve,Kobiye Destek,UNPAID,350
7774,Sultan,Kobiye Destek,UNPAID,350
7778,Ahmet,Kobiye Destek,UNPAID,350
7552,Yasin,Kobiye Destek,UNPAID,350
7643,Zehra,Kobiye Destek,UNPAID,350
7654,Halil,Kobiye Destek,UNPAID,350
7376,Mustafa,Kobiye Destek,UNPAID,350
7396,Yasemin,Kobiye Destek,UNPAID,350
7424,Zeynep,Kobiye Destek,UNPAID,350
7463,Hacer,Kobiye Destek,UNPAID,350
7471,Yasemin,Kobiye Destek,UNPAID,350
7488,Abdullah,Kobiye Destek,UNPAID,350
7498,Rabia,Kobiye Destek,UNPAID,350
7514,Rabia,Kobiye Destek,UNPAID,350
7226,Dilek,Kobiye Destek,UNPAID,350
7241,Yağmur,Kobiye Destek,UNPAID,350
7266,Serkan,Kobiye Destek,UNPAID,350
7274,Yasin,Kobiye Destek,UNPAID,350
7047,Enes,Kobiye Destek,UNPAID,350
7062,Büşra,Kobiye Destek,UNPAID,350
7085,Tuğba,Kobiye Destek,UNPAID,350
7106,Metin,Kobiye Destek,UNPAID,350
7110,Ramazan,Kobiye Destek,UNPAID,350
7119,Hacer,Kobiye Destek,UNPAID,350
7125,Hülya,Kobiye Destek,UNPAID,350
7141,Tuğba,Kobiye Destek,UNPAID,350
7156,Süleyman,Kobiye Destek,UNPAID,350
7195,Sevim,Kobiye Destek,UNPAID,350
6996,Süleyman,Kobiye Destek,UNPAID,350
7016,Aysel,Kobiye Destek,UNPAID,350
7023,Ömer,Kobiye Destek,UNPAID,350
6748,Ömer,Kobiye Destek,UNPAID,350
6790,Burak,Kobiye Destek,UNPAID,350
6861,Meryem,Kobiye Destek,UNPAID,350
6585,Enes,Kobiye Destek,UNPAID,350
6652,Ahmet,Kobiye Destek,UNPAID,350
6673,Emine,Kobiye Destek,UNPAID,350
6679,Esra,Kobiye Destek,UNPAID,350
6732,Hakan,Kobiye Destek,UNPAID,350
6433,Osman,Kobiye Destek,UNPAID,350
6436,Ahmet,Kobiye Destek,UNPAID,350
6438,Metin,Kobiye Destek,UNPAID,350
6449,Hatice,Kobiye Destek,UNPAID,350
6452,Kadir,Kobiye Destek,UNPAID,350
6473,Ramazan,Kobiye Destek,UNPAID,350
6531,Hatice,Kobiye Destek,UNPAID,350
6540,Dilek,Kobiye Destek,UNPAID,350
6554,Recep,Kobiye Destek,UNPAID,350
6563,Ali,Kobiye Destek,UNPAID,350
6569,Zehra,Kobiye Destek,UNPAID,350
6276,Ramazan,Kobiye Destek,UNPAID,350
6281,Fatma,Kobiye Destek,UNPAID,350
9742,Özlem,Kobiye Destek,UNPAID,350
9753,Yusuf,Kobiye Destek,UNPAID,350
9777,Sevim,Kobiye Destek,UNPAID,350
9816,Yağmur,Kobiye Destek,UNPAID,350
9833,Halil,Kobiye Destek,UNPAID,350
9554,Murat,Kobiye Destek,UNPAID,350
9571,Aysel,Kobiye Destek,UNPAID,350
9610,Ayşegül,Kobiye Destek,UNPAID,350
9618,Sevim,Kobiye Destek,UNPAID,350
9694,Aynur,Kobiye Destek,UNPAID,350
9425,Aysel,Kobiye Destek,UNPAID,350
9441,Fadime,Kobiye Destek,UNPAID,350
9482,Ahmet,Kobiye Destek,UNPAID,350
9487,Murat,Kobiye Destek,UNPAID,350
9514,Leyla,Kobiye Destek,UNPAID,350
9528,Mustafa,Kobiye Destek,UNPAID,350
9532,Özlem,Kobiye Destek,UNPAID,350
9547,İbrahim,Kobiye Destek,UNPAID,350
9277,Hakan,Kobiye Destek,UNPAID,350
9279,Aysel,Kobiye Destek,UNPAID,350
9292,Enes,Kobiye Destek,UNPAID,350
9307,Meryem,Kobiye Destek,UNPAID,350
9370,Zehra,Kobiye Destek,UNPAID,350
9159,Merve,Kobiye Destek,UNPAID,350
9168,Zehra,Kobiye Destek,UNPAID,350
9225,Fatih,Kobiye Destek,UNPAID,350
9233,Emre,Kobiye Destek,UNPAID,350
8930,Hülya,Kobiye Destek,UNPAID,350
8970,Ahmet,Kobiye Destek,UNPAID,350
8975,Tuğba,Kobiye Destek,UNPAID,350
9042,Aysel,Kobiye Destek,UNPAID,350
9061,Sultan,Kobiye Destek,UNPAID,350
9062,Ahmet,Kobiye Destek,UNPAID,350
8774,Fatih,Kobiye Destek,UNPAID,350
8777,Muhammed,Kobiye Destek,UNPAID,350
8782,Kübra,Kobiye Destek,UNPAID,350
8827,İbrahim,Kobiye Destek,UNPAID,350
8834,Mustafa,Kobiye Destek,UNPAID,350
8852,Murat,Kobiye Destek,UNPAID,350
8884,Metin,Kobiye Destek,UNPAID,350
8907,Fadime,Kobiye Destek,UNPAID,350
8621,İbrahim,Kobiye Destek,UNPAID,350
8688,Ayşe,Kobiye Destek,UNPAID,350
8729,Emre,Kobiye Destek,UNPAID,350
8478,Leyla,Kobiye Destek,UNPAID,350
8480,Fatma,Kobiye Destek,UNPAID,350
8481,Mahmut,Kobiye Destek,UNPAID,350
8543,Meryem,Kobiye Destek,UNPAID,350
8604,Songül,Kobiye Destek,UNPAID,350
8313,Enes,Kobiye Destek,UNPAID,350
8317,Aysel,Kobiye Destek,UNPAID,350
8334,Aynur,Kobiye Destek,UNPAID,350
8368,Ömer,Kobiye Destek,UNPAID,350
8370,Elif,Kobiye Destek,UNPAID,350
8372,Yasin,Kobiye Destek,UNPAID,350
8398,Rabia,Kobiye Destek,UNPAID,350
8435,Yasemin,Kobiye Destek,UNPAID,350
8154,Rabia,Kobiye Destek,UNPAID,350
8248,Adem,Kobiye Destek,UNPAID,350
8292,Emre,Kobiye Destek,UNPAID,350
8296,Melek,Kobiye Destek,UNPAID,350
8014,Ramazan,Kobiye Destek,UNPAID,350
8050,Tuğba,Kobiye Destek,UNPAID,350
8060,Yusuf,Kobiye Destek,UNPAID,350
643,Esra,Genç Dinamik,UNPAID,150
644,Yusuf,Genç Dinamik,UNPAID,150
660,Muhammed,Genç Dinamik,UNPAID,150
686,Murat,Genç Dinamik,UNPAID,150
714,Yasemin,Genç Dinamik,UNPAID,150
724,Furkan,Genç Dinamik,UNPAID,150
761,Sultan,Genç Dinamik,UNPAID,150
775,Metin,Genç Dinamik,UNPAID,150
517,Hasan,Genç Dinamik,UNPAID,150
523,Muhammed,Genç Dinamik,UNPAID,150
548,Yasemin,Genç Dinamik,UNPAID,150
615,Büşra,Genç Dinamik,UNPAID,150
422,Büşra,Genç Dinamik,UNPAID,150
436,Süleyman,Genç Dinamik,UNPAID,150
165,Murat,Genç Dinamik,UNPAID,150
166,Fatih,Genç Dinamik,UNPAID,150
187,Aysel,Genç Dinamik,UNPAID,150
238,Özlem,Genç Dinamik,UNPAID,150
259,Yasemin,Genç Dinamik,UNPAID,150
291,Tuğba,Genç Dinamik,UNPAID,150
25,Hacer,Genç Dinamik,UNPAID,150
36,Fadime,Genç Dinamik,UNPAID,150
40,Murat,Genç Dinamik,UNPAID,150
71,Aysel,Genç Dinamik,UNPAID,150
103,İsmail,Genç Dinamik,UNPAID,150
112,Elif,Genç Dinamik,UNPAID,150
128,Ayşegül,Genç Dinamik,UNPAID,150
138,Mahmut,Genç Dinamik,UNPAID,150
9888,Sultan,Genç Dinamik,UNPAID,150
9957,Özlem,Genç Dinamik,UNPAID,150
9978,İbrahim,Genç Dinamik,UNPAID,150
9987,Hülya,Genç Dinamik,UNPAID,150
2458,Zehra,Genç Dinamik,UNPAID,150
2463,Melek,Genç Dinamik,UNPAID,150
2464,Meryem,Genç Dinamik,UNPAID,150
2482,Büşra,Genç Dinamik,UNPAID,150
2487,Hülya,Genç Dinamik,UNPAID,150
2204,Kübra,Genç Dinamik,UNPAID,150
2212,Enes,Genç Dinamik,UNPAID,150
2290,Adem,Genç Dinamik,UNPAID,150
2295,Hacer,Genç Dinamik,UNPAID,150
2312,Hatice,Genç Dinamik,UNPAID,150
2053,Meryem,Genç Dinamik,UNPAID,150
2061,Leyla,Genç Dinamik,UNPAID,150
2104,Hüseyin,Genç Dinamik,UNPAID,150
2132,Hatice,Genç Dinamik,UNPAID,150
2133,Yusuf,Genç Dinamik,UNPAID,150
2144,Rabia,Genç Dinamik,UNPAID,150
2168,Fatih,Genç Dinamik,UNPAID,150
1894,Murat,Genç Dinamik,UNPAID,150
1937,Burak,Genç Dinamik,UNPAID,150
1976,Meryem,Genç Dinamik,UNPAID,150
2002,Metin,Genç Dinamik,UNPAID,150
2011,Songül,Genç Dinamik,UNPAID,150
1724,Dilek,Genç Dinamik,UNPAID,150
1732,Tuğba,Genç Dinamik,UNPAID,150
1734,Songül,Genç Dinamik,UNPAID,150
1742,Kadir,Genç Dinamik,UNPAID,150
1799,Yusuf,Genç Dinamik,UNPAID,150
1819,Metin,Genç Dinamik,UNPAID,150
1825,Burak,Genç Dinamik,UNPAID,150
1845,Hakan,Genç Dinamik,UNPAID,150
1846,Havva,Genç Dinamik,UNPAID,150
1600,Muhammed,Genç Dinamik,UNPAID,150
1641,Esra,Genç Dinamik,UNPAID,150
1642,Rabia,Genç Dinamik,UNPAID,150
1701,Dilek,Genç Dinamik,UNPAID,150
1419,Mustafa,Genç Dinamik,UNPAID,150
1427,Ahmet,Genç Dinamik,UNPAID,150
1487,Hatice,Genç Dinamik,UNPAID,150
1510,Yağmur,Genç Dinamik,UNPAID,150
1538,Burak,Genç Dinamik,UNPAID,150
1539,Zehra,Genç Dinamik,UNPAID,150
1277,Halil,Genç Dinamik,UNPAID,150
1340,Ramazan,Genç Dinamik,UNPAID,150
1344,Zehra,Genç Dinamik,UNPAID,150
1366,Aysel,Genç Dinamik,UNPAID,150
1098,Sultan,Genç Dinamik,UNPAID,150
1106,Fatma,Genç Dinamik,UNPAID,150
1196,Sultan,Genç Dinamik,UNPAID,150
1203,Melek,Genç Dinamik,UNPAID,150
1223,Melek,Genç Dinamik,UNPAID,150
1242,Osman,Genç Dinamik,UNPAID,150
941,Mustafa,Genç Dinamik,UNPAID,150
952,Osman,Genç Dinamik,UNPAID,150
981,Fatih,Genç Dinamik,UNPAID,150
995,Mustafa,Genç Dinamik,UNPAID,150
1004,Fatma,Genç Dinamik,UNPAID,150
1084,Rabia,Genç Dinamik,UNPAID,150
1087,Fatih,Genç Dinamik,UNPAID,150
792,Hasan,Genç Dinamik,UNPAID,150
823,Fatma,Genç Dinamik,UNPAID,150
849,Yusuf,Genç Dinamik,UNPAID,150
851,Kübra,Genç Dinamik,UNPAID,150
868,Meryem,Genç Dinamik,UNPAID,150
900,İsmail,Genç Dinamik,UNPAID,150
4322,Ayşe,Genç Dinamik,UNPAID,150
4325,Recep,Genç Dinamik,UNPAID,150
4332,Merve,Genç Dinamik,UNPAID,150
4333,Abdullah,Genç Dinamik,UNPAID,150
4351,Dilek,Genç Dinamik,UNPAID,150
4367,Hakan,Genç Dinamik,UNPAID,150
4378,Yasemin,Genç Dinamik,UNPAID,150
4168,Burak,Genç Dinamik,UNPAID,150
4223,Sevim,Genç Dinamik,UNPAID,150
3917,Osman,Genç Dinamik,UNPAID,150
3988,Sultan,Genç Dinamik,UNPAID,150
3997,Abdullah,Genç Dinamik,UNPAID,150
4001,Büşra,Genç Dinamik,UNPAID,150
4051,Furkan,Genç Dinamik,UNPAID,150
3825,Serkan,Genç Dinamik,UNPAID,150
3884,Halil,Genç Dinamik,UNPAID,150
3621,Havva,Genç Dinamik,UNPAID,150
3691,Adem,Genç Dinamik,UNPAID,150
3747,Recep,Genç Dinamik,UNPAID,150
3470,Metin,Genç Dinamik,UNPAID,150
3492,Meryem,Genç Dinamik,UNPAID,150
3495,Rabia,Genç Dinamik,UNPAID,150
3532,Ali,Genç Dinamik,UNPAID,150
3538,Hasan,Genç Dinamik,UNPAID,150
3557,Furkan,Genç Dinamik,UNPAID,150
3286,Zehra,Genç Dinamik,UNPAID,150
3311,İbrahim,Genç Dinamik,UNPAID,150
3315,Fatih,Genç Dinamik,UNPAID,150
3322,Fatih,Genç Dinamik,UNPAID,150
3327,Fadime,Genç Dinamik,UNPAID,150
3369,Muhammed,Genç Dinamik,UNPAID,150
3374,Ömer,Genç Dinamik,UNPAID,150
3384,Emine,Genç Dinamik,UNPAID,150
3132,Halil,Genç Dinamik,UNPAID,150
3196,İbrahim,Genç Dinamik,UNPAID,150
3211,Hülya,Genç Dinamik,UNPAID,150
3234,Emine,Genç Dinamik,UNPAID,150
2995,Yasemin,Genç Dinamik,UNPAID,150
3002,Zeynep,Genç Dinamik,UNPAID,150
3059,Tuğba,Genç Dinamik,UNPAID,150
3067,Yağmur,Genç Dinamik,UNPAID,150
3076,İsmail,Genç Dinamik,UNPAID,150
3096,Aysel,Genç Dinamik,UNPAID,150
2852,Enes,Genç Dinamik,UNPAID,150
2861,Emine,Genç Dinamik,UNPAID,150
2908,Kadir,Genç Dinamik,UNPAID,150
2916,Hasan,Genç Dinamik,UNPAID,150
2671,Emine,Genç Dinamik,UNPAID,150
2675,Aynur,Genç Dinamik,UNPAID,150
2691,Dilek,Genç Dinamik,UNPAID,150
2709,Fatma,Genç Dinamik,UNPAID,150
2736,Rabia,Genç Dinamik,UNPAID,150
2743,Büşra,Genç Dinamik,UNPAID,150
2781,Fadime,Genç Dinamik,UNPAID,150
2791,Hakan,Genç Dinamik,UNPAID,150
2807,Özlem,Genç Dinamik,UNPAID,150
2577,Rabia,Genç Dinamik,UNPAID,150
2636,Ayşegül,Genç Dinamik,UNPAID,150
2639,Büşra,Genç Dinamik,UNPAID,150
2652,Burak,Genç Dinamik,UNPAID,150
2655,Tuğba,Genç Dinamik,UNPAID,150
2373,Hacer,Genç Dinamik,UNPAID,150
2404,Sevim,Genç Dinamik,UNPAID,150
2445,İsmail,Genç Dinamik,UNPAID,150
5858,Yasin,Genç Dinamik,UNPAID,150
5870,Ramazan,Genç Dinamik,UNPAID,150
5879,Havva,Genç Dinamik,UNPAID,150
5887,Emre,Genç Dinamik,UNPAID,150
5912,Yasemin,Genç Dinamik,UNPAID,150
5677,Recep,Genç Dinamik,UNPAID,150
5706,Hatice,Genç Dinamik,UNPAID,150
5724,Mustafa,Genç Dinamik,UNPAID,150
5751,Serkan,Genç Dinamik,UNPAID,150
5496,Yasemin,Genç Dinamik,UNPAID,150
5509,Enes,Genç Dinamik,UNPAID,150
5540,Elif,Genç Dinamik,UNPAID,150
5549,Ahmet,Genç Dinamik,UNPAID,150
5566,Dilek,Genç Dinamik,UNPAID,150
5596,Enes,Genç Dinamik,UNPAID,150
5600,Sevim,Genç Dinamik,UNPAID,150
5606,Hasan,Genç Dinamik,UNPAID,150
5609,Kadir,Genç Dinamik,UNPAID,150
5360,Enes,Genç Dinamik,UNPAID,150
5368,Osman,Genç Dinamik,UNPAID,150
5384,Dilek,Genç Dinamik,UNPAID,150
5391,Yağmur,Genç Dinamik,UNPAID,150
5428,Yasin,Genç Dinamik,UNPAID,150
5479,Melek,Genç Dinamik,UNPAID,150
5185,Hakan,Genç Dinamik,UNPAID,150
5189,Osman,Genç Dinamik,UNPAID,150
5203,Furkan,Genç Dinamik,UNPAID,150
5221,Emine,Genç Dinamik,UNPAID,150
5223,Adem,Genç Dinamik,UNPAID,150
5272,Süleyman,Genç Dinamik,UNPAID,150
5290,Elif,Genç Dinamik,UNPAID,150
5016,Hülya,Genç Dinamik,UNPAID,150
5038,İbrahim,Genç Dinamik,UNPAID,150
5041,Kübra,Genç Dinamik,UNPAID,150
5061,Kübra,Genç Dinamik,UNPAID,150
5068,Zehra,Genç Dinamik,UNPAID,150
5122,Emine,Genç Dinamik,UNPAID,150
5166,Aysel,Genç Dinamik,UNPAID,150
4858,Dilek,Genç Dinamik,UNPAID,150
4869,Leyla,Genç Dinamik,UNPAID,150
4919,Yasemin,Genç Dinamik,UNPAID,150
4924,Ahmet,Genç Dinamik,UNPAID,150
4933,Melek,Genç Dinamik,UNPAID,150
4949,Özlem,Genç Dinamik,UNPAID,150
4721,Yusuf,Genç Dinamik,UNPAID,150
4773,Kübra,Genç Dinamik,UNPAID,150
4845,Fatih,Genç Dinamik,UNPAID,150
4846,Fatma,Genç Dinamik,UNPAID,150
4545,Esra,Genç Dinamik,UNPAID,150
4560,Sultan,Genç Dinamik,UNPAID,150
4562,Osman,Genç Dinamik,UNPAID,150
4566,Zehra,Genç Dinamik,UNPAID,150
4576,Songül,Genç Dinamik,UNPAID,150
4612,Muhammed,Genç Dinamik,UNPAID,150
4667,Meryem,Genç Dinamik,UNPAID,150
4683,Serkan,Genç Dinamik,UNPAID,150
4684,Aysel,Genç Dinamik,UNPAID,150
4405,Osman,Genç Dinamik,UNPAID,150
4463,Dilek,Genç Dinamik,UNPAID,150
4525,Fatma,Genç Dinamik,UNPAID,150
4537,Özlem,Genç Dinamik,UNPAID,150
4227,Merve,Genç Dinamik,UNPAID,150
4285,Halil,Genç Dinamik,UNPAID,150
4307,Aysel,Genç Dinamik,UNPAID,150
7710,Burak,Genç Dinamik,UNPAID,150
7735,Hüseyin,Genç Dinamik,UNPAID,150
7745,Yusuf,Genç Dinamik,UNPAID,150
7749,Recep,Genç Dinamik,UNPAID,150
7520,Ömer,Genç Dinamik,UNPAID,150
7544,Meryem,Genç Dinamik,UNPAID,150
7557,Ali,Genç Dinamik,UNPAID,150
7597,Yasemin,Genç Dinamik,UNPAID,150
7633,Kübra,Genç Dinamik,UNPAID,150
7365,Yusuf,Genç Dinamik,UNPAID,150
7397,Hülya,Genç Dinamik,UNPAID,150
7401,Sultan,Genç Dinamik,UNPAID,150
7402,Leyla,Genç Dinamik,UNPAID,150
7405,Fatma,Genç Dinamik,UNPAID,150
7440,Aysel,Genç Dinamik,UNPAID,150
7461,Halil,Genç Dinamik,UNPAID,150
7465,Melek,Genç Dinamik,UNPAID,150
7221,İsmail,Genç Dinamik,UNPAID,150
7235,Ayşegül,Genç Dinamik,UNPAID,150
7268,Leyla,Genç Dinamik,UNPAID,150
7276,Burak,Genç Dinamik,UNPAID,150
7288,Sultan,Genç Dinamik,UNPAID,150
7323,Havva,Genç Dinamik,UNPAID,150
7094,Rabia,Genç Dinamik,UNPAID,150
7099,Rabia,Genç Dinamik,UNPAID,150
6909,Emre,Genç Dinamik,UNPAID,150
6936,Murat,Genç Dinamik,UNPAID,150
6976,Büşra,Genç Dinamik,UNPAID,150
6992,Süleyman,Genç Dinamik,UNPAID,150
7011,Adem,Genç Dinamik,UNPAID,150
7043,Recep,Genç Dinamik,UNPAID,150
6742,Zeynep,Genç Dinamik,UNPAID,150
6743,Melek,Genç Dinamik,UNPAID,150
6747,Osman,Genç Dinamik,UNPAID,150
6757,Mahmut,Genç Dinamik,UNPAID,150
6761,Havva,Genç Dinamik,UNPAID,150
6787,Hakan,Genç Dinamik,UNPAID,150
6794,Furkan,Genç Dinamik,UNPAID,150
6854,Yağmur,Genç Dinamik,UNPAID,150
6871,Ayşe,Genç Dinamik,UNPAID,150
6883,Osman,Genç Dinamik,UNPAID,150
6589,Mehmet,Genç Dinamik,UNPAID,150
6601,Fadime,Genç Dinamik,UNPAID,150
6612,Enes,Genç Dinamik,UNPAID,150
6645,Songül,Genç Dinamik,UNPAID,150
6646,İbrahim,Genç Dinamik,UNPAID,150
6648,Songül,Genç Dinamik,UNPAID,150
6691,Rabia,Genç Dinamik,UNPAID,150
6705,Özlem,Genç Dinamik,UNPAID,150
6714,Fadime,Genç Dinamik,UNPAID,150
6441,Hatice,Genç Dinamik,UNPAID,150
6470,İsmail,Genç Dinamik,UNPAID,150
6529,Adem,Genç Dinamik,UNPAID,150
6280,Mustafa,Genç Dinamik,UNPAID,150
6297,Ali,Genç Dinamik,UNPAID,150
6118,Hüseyin,Genç Dinamik,UNPAID,150
6210,Hakan,Genç Dinamik,UNPAID,150
6238,Büşra,Genç Dinamik,UNPAID,150
5969,Furkan,Genç Dinamik,UNPAID,150
5999,Sevim,Genç Dinamik,UNPAID,150
6013,Hakan,Genç Dinamik,UNPAID,150
6028,Mustafa,Genç Dinamik,UNPAID,150
6087,Enes,Genç Dinamik,UNPAID,150
5819,Mahmut,Genç Dinamik,UNPAID,150
9711,Süleyman,Genç Dinamik,UNPAID,150
9718,Tuğba,Genç Dinamik,UNPAID,150
9727,Esra,Genç Dinamik,UNPAID,150
9774,Tuğba,Genç Dinamik,UNPAID,150
9784,Serkan,Genç Dinamik,UNPAID,150
9845,Burak,Genç Dinamik,UNPAID,150
9852,Serkan,Genç Dinamik,UNPAID,150
9566,Yasemin,Genç Dinamik,UNPAID,150
9569,Hülya,Genç Dinamik,UNPAID,150
9599,Murat,Genç Dinamik,UNPAID,150
9624,Muhammed,Genç Dinamik,UNPAID,150
9708,Melek,Genç Dinamik,UNPAID,150
9431,Esra,Genç Dinamik,UNPAID,150
9442,Ahmet,Genç Dinamik,UNPAID,150
9511,Zeynep,Genç Dinamik,UNPAID,150
9242,Adem,Genç Dinamik,UNPAID,150
9271,Adem,Genç Dinamik,UNPAID,150
9274,Hacer,Genç Dinamik,UNPAID,150
9327,Süleyman,Genç Dinamik,UNPAID,150
9093,Songül,Genç Dinamik,UNPAID,150
9181,Enes,Genç Dinamik,UNPAID,150
9194,Rabia,Genç Dinamik,UNPAID,150
9208,Özlem,Genç Dinamik,UNPAID,150
8964,Aysel,Genç Dinamik,UNPAID,150
8976,Özlem,Genç Dinamik,UNPAID,150
8977,Burak,Genç Dinamik,UNPAID,150
8986,Ömer,Genç Dinamik,UNPAID,150
9006,Ömer,Genç Dinamik,UNPAID,150
9026,Rabia,Genç Dinamik,UNPAID,150
8805,İsmail,Genç Dinamik,UNPAID,150
8835,Burak,Genç Dinamik,UNPAID,150
8850,Ayşe,Genç Dinamik,UNPAID,150
8646,Sevim,Genç Dinamik,UNPAID,150
8731,Aysel,Genç Dinamik,UNPAID,150
8736,Süleyman,Genç Dinamik,UNPAID,150
8766,Yasemin,Genç Dinamik,UNPAID,150
8483,Hakan,Genç Dinamik,UNPAID,150
8500,Hülya,Genç Dinamik,UNPAID,150
8515,Kübra,Genç Dinamik,UNPAID,150
8552,Muhammed,Genç Dinamik,UNPAID,150
8581,Abdullah,Genç Dinamik,UNPAID,150
8589,Fatih,Genç Dinamik,UNPAID,150
8605,Hülya,Genç Dinamik,UNPAID,150
8340,Zehra,Genç Dinamik,UNPAID,150
8377,Aysel,Genç Dinamik,UNPAID,150
8386,Burak,Genç Dinamik,UNPAID,150
8387,Hacer,Genç Dinamik,UNPAID,150
8396,Osman,Genç Dinamik,UNPAID,150
8419,Fadime,Genç Dinamik,UNPAID,150
8434,Osman,Genç Dinamik,UNPAID,150
8441,Fatma,Genç Dinamik,UNPAID,150
8182,Burak,Genç Dinamik,UNPAID,150
8189,Yağmur,Genç Dinamik,UNPAID,150
8260,Sultan,Genç Dinamik,UNPAID,150
7993,Songül,Genç Dinamik,UNPAID,150
8012,Kübra,Genç Dinamik,UNPAID,150
8019,Abdullah,Genç Dinamik,UNPAID,150
8057,Ayşe,Genç Dinamik,UNPAID,150
8064,Fatma,Genç Dinamik,UNPAID,150
8136,Hülya,Genç Dinamik,UNPAID,150
7857,Halil,Genç Dinamik,UNPAID,150
7874,Osman,Genç Dinamik,UNPAID,150
7684,Hasan,Genç Dinamik,UNPAID,150
7688,Fatih,Genç Dinamik,UNPAID,150
